1 d933164 1 1382 42
1 d933164 2 5968 83
1 d933164 3 1923 20
1 d933164 4 8040 48
1 d933164 5 26310 192
1 d933164 6 10287 54
1 d933164 7 14605 72
1 d933164 8 6210 72
1 d933164 9 3954 36
1 d933164 10 6300 32
1 d933164 11 28831 177
1 d933164 12 11492 68
1 d933164 13 74451 277
1 d933164 14 54292 180
1 d933164 15 19140 219
1 d933164 16 20298 81
1 d933164 17 33116 132
1 d933164 18 31617 234
1 d933164 19 50568 515
1 d933164 20 58060 287
1 d933164 21 15211 71
1 d933164 22 11953 83
1 d933164 23 118979 296
1 d933164 24 13776 141
1 d933164 25 27058 136
1 d933164 26 108212 385
1 d933164 27 31122 267
1 d933164 28 75852 256
1 d933164 29 74182 286
1 d933164 30 90330 305
1 d933164 31 51832 193
1 d933164 32 41488 241
1 d933164 33 45903 158
1 d933164 34 91494 303
1 d933164 35 48580 207
1 d933164 36 190440 684
1 d933164 37 143486 366
1 d933164 38 40318 250
1 d933164 39 179595 738
1 d933164 40 51533 424
1 d933164 41 38417 146
1 d933164 42 41055 377
1 d933164 43 163486 746
1 d933164 44 25197 197
1 d933164 45 43020 206
1 d933164 46 64614 252
1 d933164 47 55295 257
1 d933164 48 111840 559
1 d933164 49 53704 513
1 d933164 50 108375 308
1 d933164 51 154479 825
1 d933164 52 60458 641
1 d933164 53 61294 295
1 d933164 54 81108 695
1 d933164 55 42542 169
1 d933164 56 52229 209
2 d366361 1 1231 11
2 d366361 2 4120 41
2 d366361 3 15363 73
2 d366361 4 8492 57
2 d366361 5 24460 147
2 d366361 6 16275 86
2 d366361 7 15736 71
2 d366361 8 8468 68
2 d366361 9 26392 74
2 d366361 10 32510 128
2 d366361 11 5731 72
2 d366361 12 21432 196
2 d366361 13 54197 182
2 d366361 14 25361 99
2 d366361 15 15390 65
2 d366361 16 34880 373
2 d366361 17 51646 144
2 d366361 18 9216 110
2 d366361 19 20444 87
2 d366361 20 12553 70
2 d366361 21 51261 214
2 d366361 22 33770 127
2 d366361 23 131330 321
2 d366361 24 51936 202
2 d366361 25 149525 875
2 d366361 26 29423 149
2 d366361 27 22221 202
2 d366361 28 17080 189
2 d366361 29 42311 183
2 d366361 30 18930 190
2 d366361 31 16879 115
2 d366361 32 44426 301
2 d366361 33 93835 269
2 d366361 34 36414 179
2 d366361 35 81830 267
2 d366361 36 148788 512
2 d366361 37 28613 102
2 d366361 38 53542 251
2 d366361 39 103038 361
2 d366361 40 78080 340
2 d366361 41 88006 349
2 d366361 42 163884 403
2 d366361 43 51901 238
2 d366361 44 73788 220
2 d366361 45 62010 256
2 d366361 46 56764 192
2 d366361 47 119568 759
2 d366361 48 182592 1266
2 d366361 49 130952 441
2 d366361 50 78150 314
2 d366361 51 65008 380
2 d366361 52 85522 256
2 d366361 53 60985 250
2 d366361 54 88425 290
2 d366361 55 117040 573
2 d366361 56 90384 520
3 e504270 1 820 32
3 e504270 2 11568 51
3 e504270 3 3495 27
3 e504270 4 14652 62
3 e504270 5 25050 79
3 e504270 6 11490 69
3 e504270 7 7716 54
3 e504270 8 5240 31
3 e504270 9 14598 135
3 e504270 10 52610 140
3 e504270 11 21296 90
3 e504270 12 30384 118
3 e504270 13 16100 137
3 e504270 14 22330 109
3 e504270 15 59475 512
3 e504270 16 5578 70
3 e504270 17 22967 195
3 e504270 18 57132 160
3 e504270 19 32312 129
3 e504270 20 21960 117
3 e504270 21 108570 529
3 e504270 22 9240 69
3 e504270 23 62962 161
3 e504270 24 72552 314
3 e504270 25 28012 109
3 e504270 26 82810 516
3 e504270 27 68040 343
3 e504270 28 124096 1271
3 e504270 29 125164 747
3 e504270 30 62595 514
3 e504270 31 12844 84
3 e504270 32 107296 374
3 e504270 33 47520 229
3 e504270 34 100045 424
3 e504270 35 60410 183
3 e504270 36 89172 255
3 e504270 37 117142 442
3 e504270 38 68001 269
3 e504270 39 70538 202
3 e504270 40 57000 441
3 e504270 41 75686 530
3 e504270 42 55832 315
3 e504270 43 23134 104
3 e504270 44 212168 817
3 e504270 45 60375 364
3 e504270 46 266892 849
3 e504270 47 232086 1875
3 e504270 48 51216 234
3 e504270 49 126175 1296
3 e504270 50 37600 188
3 e504270 51 134181 473
3 e504270 52 69420 343
3 e504270 53 61109 590
3 e504270 54 192078 1360
3 e504270 55 79970 559
3 e504270 56 91756 459
4 z738105 1 924 25
4 z738105 2 1852 10
4 z738105 3 9273 52
4 z738105 4 7570 34
4 z738105 5 6666 38
4 z738105 6 3620 53
4 z738105 7 15631 55
4 z738105 8 10180 50
4 z738105 9 21577 66
4 z738105 10 52110 313
4 z738105 11 59356 245
4 z738105 12 22014 90
4 z738105 13 41535 155
4 z738105 14 37170 113
4 z738105 15 10305 57
4 z738105 16 45800 216
4 z738105 17 23443 141
4 z738105 18 32442 178
4 z738105 19 108566 357
4 z738105 20 38050 120
4 z738105 21 18305 161
4 z738105 22 130834 541
4 z738105 23 46828 283
4 z738105 24 58728 171
4 z738105 25 16200 88
4 z738105 26 44590 148
4 z738105 27 26802 104
4 z738105 28 40208 239
4 z738105 29 30633 157
4 z738105 30 46600 143
4 z738105 31 87978 678
4 z738105 32 33130 139
4 z738105 33 157608 447
4 z738105 34 91885 284
4 z738105 35 15890 192
4 z738105 36 21312 102
4 z738105 37 217375 665
4 z738105 38 199956 984
4 z738105 39 58513 194
4 z738105 40 40500 389
4 z738105 41 53669 269
4 z738105 42 104748 362
4 z738105 43 81614 253
4 z738105 44 15502 207
4 z738105 45 30795 150
4 z738105 46 135654 870
4 z738105 47 21541 107
4 z738105 48 72704 267
4 z738105 49 34218 201
4 z738105 50 64100 492
4 z738105 51 78004 253
4 z738105 52 137020 913
4 z738105 53 193185 648
4 z738105 54 65016 535
4 z738105 55 320595 817
4 z738105 56 22306 230
5 r978773 1 734 34
5 r978773 2 5056 31
5 r978773 3 2073 42
5 r978773 4 8990 54
5 r978773 5 10780 111
5 r978773 6 17379 70
5 r978773 7 3077 32
5 r978773 8 13632 78
5 r978773 9 42480 129
5 r978773 10 13860 73
5 r978773 11 10457 126
5 r978773 12 24120 203
5 r978773 13 18000 88
5 r978773 14 13696 49
5 r978773 15 18015 100
5 r978773 16 70272 312
5 r978773 17 54281 142
5 r978773 18 9648 57
5 r978773 19 82422 261
5 r978773 20 50900 280
5 r978773 21 27825 104
5 r978773 22 47641 259
5 r978773 23 58305 296
5 r978773 24 37896 153
5 r978773 25 45075 201
5 r978773 26 64896 356
5 r978773 27 31626 122
5 r978773 28 15204 93
5 r978773 29 40339 140
5 r978773 30 73485 639
5 r978773 31 25626 100
5 r978773 32 54848 198
5 r978773 33 195723 1889
5 r978773 34 56406 229
5 r978773 35 137970 1085
5 r978773 36 61620 370
5 r978773 37 104044 291
5 r978773 38 22787 127
5 r978773 39 22139 135
5 r978773 40 39453 217
5 r978773 41 109859 439
5 r978773 42 57834 310
5 r978773 43 71165 235
5 r978773 44 70488 262
5 r978773 45 209745 971
5 r978773 46 249320 1170
5 r978773 47 235423 2128
5 r978773 48 55032 276
5 r978773 49 23079 289
5 r978773 50 45883 200
5 r978773 51 86343 281
5 r978773 52 34632 143
5 r978773 53 288744 978
5 r978773 54 57618 304
5 r978773 55 241340 974
5 r978773 56 97804 978
6 r847097 1 663 26
6 r847097 2 1142 12
6 r847097 3 8397 51
6 r847097 4 3242 34
6 r847097 5 5485 42
6 r847097 6 2250 32
6 r847097 7 4351 34
6 r847097 8 21788 136
6 r847097 9 15384 135
6 r847097 10 8330 63
6 r847097 11 34650 237
6 r847097 12 59160 238
6 r847097 13 29607 167
6 r847097 14 82082 213
6 r847097 15 22507 98
6 r847097 16 43712 240
6 r847097 17 93602 284
6 r847097 18 63792 173
6 r847097 19 39596 137
6 r847097 20 38540 149
6 r847097 21 37758 169
6 r847097 22 15583 109
6 r847097 23 120819 828
6 r847097 24 21592 90
6 r847097 25 37225 153
6 r847097 26 42943 145
6 r847097 27 27873 314
6 r847097 28 54852 227
6 r847097 29 75023 577
6 r847097 30 64305 509
6 r847097 31 32302 139
6 r847097 32 48896 376
6 r847097 33 62612 245
6 r847097 34 24332 152
6 r847097 35 176225 1334
6 r847097 36 14808 122
6 r847097 37 92907 301
6 r847097 38 48583 435
6 r847097 39 60047 217
6 r847097 40 43000 139
6 r847097 41 114369 303
6 r847097 42 194754 464
6 r847097 43 67467 207
6 r847097 44 110924 391
6 r847097 45 51840 357
6 r847097 46 51957 433
6 r847097 47 62823 331
6 r847097 48 139608 702
6 r847097 49 149940 453
6 r847097 50 90400 595
6 r847097 51 33940 192
6 r847097 52 41730 195
6 r847097 53 142543 514
6 r847097 54 98568 486
6 r847097 55 48803 254
6 r847097 56 67704 273
7 m239486 1 941 23
7 m239486 2 3030 38
7 m239486 3 5821 25
7 m239486 4 11824 59
7 m239486 5 2603 47
7 m239486 6 3670 32
7 m239486 7 11319 100
7 m239486 8 14018 58
7 m239486 9 4194 46
7 m239486 10 11795 112
7 m239486 11 8279 39
7 m239486 12 16062 90
7 m239486 13 15669 53
7 m239486 14 10696 44
7 m239486 15 10880 60
7 m239486 16 46560 121
7 m239486 17 24474 98
7 m239486 18 30762 308
7 m239486 19 21058 142
7 m239486 20 11040 86
7 m239486 21 114660 292
7 m239486 22 91212 235
7 m239486 23 50232 520
7 m239486 24 17056 105
7 m239486 25 24133 111
7 m239486 26 47337 176
7 m239486 27 34344 333
7 m239486 28 91868 855
7 m239486 29 66758 229
7 m239486 30 73515 267
7 m239486 31 68231 492
7 m239486 32 134912 325
7 m239486 33 63426 675
7 m239486 34 178466 594
7 m239486 35 63035 216
7 m239486 36 29952 164
7 m239486 37 30340 148
7 m239486 38 37544 139
7 m239486 39 96720 263
7 m239486 40 47093 203
7 m239486 41 43391 259
7 m239486 42 67172 330
7 m239486 43 149984 974
7 m239486 44 94754 348
7 m239486 45 66315 207
7 m239486 46 77602 304
7 m239486 47 60410 258
7 m239486 48 156144 644
7 m239486 49 79968 288
7 m239486 50 83916 308
7 m239486 51 152388 424
7 m239486 52 87550 387
7 m239486 53 105576 920
7 m239486 54 85509 384
7 m239486 55 105517 452
7 m239486 56 40170 156
8 n919715 1 1192 37
8 n919715 2 3000 19
8 n919715 3 4232 68
8 n919715 4 10284 54
8 n919715 5 8770 90
8 n919715 6 4740 74
8 n919715 7 4092 60
8 n919715 8 42704 306
8 n919715 9 8592 65
8 n919715 10 4466 45
8 n919715 11 13423 66
8 n919715 12 54660 178
8 n919715 13 32097 97
8 n919715 14 25279 169
8 n919715 15 37072 159
8 n919715 16 11272 79
8 n919715 17 20298 176
8 n919715 18 82512 407
8 n919715 19 38247 177
8 n919715 20 29450 94
8 n919715 21 46263 179
8 n919715 22 21087 76
8 n919715 23 13455 60
8 n919715 24 11832 101
8 n919715 25 27400 178
8 n919715 26 114868 658
8 n919715 27 33120 222
8 n919715 28 44352 466
8 n919715 29 55332 337
8 n919715 30 55160 151
8 n919715 31 41374 351
8 n919715 32 60464 237
8 n919715 33 43230 154
8 n919715 34 185810 919
8 n919715 35 82460 217
8 n919715 36 61362 231
8 n919715 37 35433 202
8 n919715 38 37411 166
8 n919715 39 82680 273
8 n919715 40 111380 308
8 n919715 41 41512 281
8 n919715 42 81494 427
8 n919715 43 198961 922
8 n919715 44 255904 1109
8 n919715 45 119677 374
8 n919715 46 51106 236
8 n919715 47 32868 337
8 n919715 48 66736 236
8 n919715 49 51319 564
8 n919715 50 221850 570
8 n919715 51 87584 804
8 n919715 52 304980 2046
8 n919715 53 272632 1931
8 n919715 54 46620 184
8 n919715 55 99440 320
8 n919715 56 33581 269
9 i593085 1 990 19
9 i593085 2 3086 42
9 i593085 3 12159 61
9 i593085 4 5749 49
9 i593085 5 27520 152
9 i593085 6 9429 54
9 i593085 7 7784 65
9 i593085 8 15296 58
9 i593085 9 32823 128
9 i593085 10 26620 80
9 i593085 11 52503 217
9 i593085 12 13164 82
9 i593085 13 23530 105
9 i593085 14 80458 258
9 i593085 15 29115 331
9 i593085 16 19872 95
9 i593085 17 22822 131
9 i593085 18 27666 98
9 i593085 19 108053 252
9 i593085 20 47840 156
9 i593085 21 32329 121
9 i593085 22 60808 211
9 i593085 23 42389 404
9 i593085 24 50472 380
9 i593085 25 24941 138
9 i593085 26 13104 86
9 i593085 27 17334 85
9 i593085 28 164080 383
9 i593085 29 55984 468
9 i593085 30 26430 100
9 i593085 31 59737 195
9 i593085 32 129856 326
9 i593085 33 27566 121
9 i593085 34 73695 244
9 i593085 35 128030 421
9 i593085 36 76716 295
9 i593085 37 72544 382
9 i593085 38 21267 116
9 i593085 39 74568 262
9 i593085 40 111240 357
9 i593085 41 70274 221
9 i593085 42 16156 110
9 i593085 43 203605 1315
9 i593085 44 86944 802
9 i593085 45 62010 218
9 i593085 46 94898 262
9 i593085 47 105186 298
9 i593085 48 52392 225
9 i593085 49 77469 216
9 i593085 50 55083 263
9 i593085 51 93789 292
9 i593085 52 175188 674
9 i593085 53 22790 164
9 i593085 54 146178 625
9 i593085 55 295405 1153
9 i593085 56 265664 610
10 t912571 1 1034 33
10 t912571 2 1049 33
10 t912571 3 6412 47
10 t912571 4 6010 28
10 t912571 5 11377 65
10 t912571 6 13791 60
10 t912571 7 24731 144
10 t912571 8 9936 61
10 t912571 9 14904 77
10 t912571 10 13005 139
10 t912571 11 18931 90
10 t912571 12 34842 114
10 t912571 13 25939 71
10 t912571 14 53592 191
10 t912571 15 80145 463
10 t912571 16 87376 347
10 t912571 17 17544 84
10 t912571 18 24300 131
10 t912571 19 47158 129
10 t912571 20 99040 253
10 t912571 21 62496 202
10 t912571 22 36091 146
10 t912571 23 45390 320
10 t912571 24 118248 1168
10 t912571 25 39991 213
10 t912571 26 38272 155
10 t912571 27 16254 96
10 t912571 28 55160 413
10 t912571 29 107329 311
10 t912571 30 42360 223
10 t912571 31 87296 598
10 t912571 32 56288 236
10 t912571 33 96492 430
10 t912571 34 133450 761
10 t912571 35 31733 167
10 t912571 36 145008 418
10 t912571 37 190994 606
10 t912571 38 58482 261
10 t912571 39 227799 602
10 t912571 40 67000 485
10 t912571 41 106805 286
10 t912571 42 114702 300
10 t912571 43 64564 276
10 t912571 44 41602 219
10 t912571 45 93960 889
10 t912571 46 35067 152
10 t912571 47 110802 410
10 t912571 48 51152 170
10 t912571 49 45749 259
10 t912571 50 59100 246
10 t912571 51 77333 428
10 t912571 52 294164 759
10 t912571 53 36040 212
10 t912571 54 42660 383
10 t912571 55 157327 676
10 t912571 56 28709 157
11 z778877 1 1001 30
11 z778877 2 1424 24
11 z778877 3 6102 80
11 z778877 4 7724 40
11 z778877 5 5190 53
11 z778877 6 9906 102
11 z778877 7 34846 139
11 z778877 8 14272 67
11 z778877 9 40743 206
11 z778877 10 6433 73
11 z778877 11 21358 88
11 z778877 12 71964 329
11 z778877 13 19604 64
11 z778877 14 35175 162
11 z778877 15 29977 281
11 z778877 16 11456 82
11 z778877 17 22057 80
11 z778877 18 33786 109
11 z778877 19 17828 91
11 z778877 20 119160 345
11 z778877 21 39067 286
11 z778877 22 13222 76
11 z778877 23 71415 570
11 z778877 24 19272 184
11 z778877 25 24033 150
11 z778877 26 32474 158
11 z778877 27 56754 312
11 z778877 28 98812 409
11 z778877 29 48894 161
11 z778877 30 75315 231
11 z778877 31 12668 153
11 z778877 32 82736 812
11 z778877 33 34980 239
11 z778877 34 50614 284
11 z778877 35 57750 211
11 z778877 36 39828 353
11 z778877 37 45078 162
11 z778877 38 70021 208
11 z778877 39 60138 217
11 z778877 40 46986 282
11 z778877 41 196800 754
11 z778877 42 32655 135
11 z778877 43 17415 110
11 z778877 44 117128 414
11 z778877 45 49140 176
11 z778877 46 74259 337
11 z778877 47 56682 323
11 z778877 48 210144 543
11 z778877 49 62883 240
11 z778877 50 88866 343
11 z778877 51 26341 268
11 z778877 52 49348 175
11 z778877 53 83793 382
11 z778877 54 235872 1589
11 z778877 55 55550 181
11 z778877 56 222936 892
12 f516967 1 1498 12
12 f516967 2 2430 30
12 f516967 3 13083 84
12 f516967 4 5116 60
12 f516967 5 7910 28
12 f516967 6 2726 28
12 f516967 7 9230 63
12 f516967 8 10882 43
12 f516967 9 16699 67
12 f516967 10 15383 61
12 f516967 11 11454 66
12 f516967 12 11562 58
12 f516967 13 27326 121
12 f516967 14 20685 139
12 f516967 15 23685 94
12 f516967 16 67728 198
12 f516967 17 64600 209
12 f516967 18 34839 117
12 f516967 19 27103 98
12 f516967 20 30940 112
12 f516967 21 26978 191
12 f516967 22 30316 138
12 f516967 23 115322 1156
12 f516967 24 111480 353
12 f516967 25 71962 258
12 f516967 26 54821 249
12 f516967 27 39330 334
12 f516967 28 14924 155
12 f516967 29 162487 534
12 f516967 30 53340 253
12 f516967 31 88985 848
12 f516967 32 27424 98
12 f516967 33 28083 161
12 f516967 34 60769 172
12 f516967 35 171920 990
12 f516967 36 103230 289
12 f516967 37 58571 183
12 f516967 38 73720 246
12 f516967 39 45045 217
12 f516967 40 207400 722
12 f516967 41 182122 797
12 f516967 42 240282 1397
12 f516967 43 67639 363
12 f516967 44 188760 862
12 f516967 45 23985 107
12 f516967 46 15532 91
12 f516967 47 230394 779
12 f516967 48 210192 547
12 f516967 49 34528 151
12 f516967 50 86183 316
12 f516967 51 220167 2134
12 f516967 52 101261 596
12 f516967 53 71073 251
12 f516967 54 241326 628
12 f516967 55 123062 428
12 f516967 56 317912 1982
13 n115852 1 1106 37
13 n115852 2 2893 28
13 n115852 3 6708 40
13 n115852 4 10584 62
13 n115852 5 8247 52
13 n115852 6 13230 55
13 n115852 7 37681 105
13 n115852 8 11748 67
13 n115852 9 7002 99
13 n115852 10 12093 78
13 n115852 11 46178 279
13 n115852 12 11316 41
13 n115852 13 17582 161
13 n115852 14 24255 136
13 n115852 15 56400 185
13 n115852 16 10266 129
13 n115852 17 50362 251
13 n115852 18 90720 251
13 n115852 19 39691 116
13 n115852 20 27420 150
13 n115852 21 38094 161
13 n115852 22 54373 317
13 n115852 23 31065 184
13 n115852 24 58068 204
13 n115852 25 27900 112
13 n115852 26 123370 337
13 n115852 27 46386 207
13 n115852 28 71876 471
13 n115852 29 136155 992
13 n115852 30 59700 186
13 n115852 31 33934 175
13 n115852 32 17717 121
13 n115852 33 65428 358
13 n115852 34 62322 283
13 n115852 35 20702 189
13 n115852 36 51696 217
13 n115852 37 47027 419
13 n115852 38 16276 93
13 n115852 39 34853 141
13 n115852 40 93700 379
13 n115852 41 83455 342
13 n115852 42 233436 532
13 n115852 43 158412 1656
13 n115852 44 90860 447
13 n115852 45 114795 461
13 n115852 46 154054 850
13 n115852 47 204356 572
13 n115852 48 207840 1694
13 n115852 49 28248 198
13 n115852 50 65216 214
13 n115852 51 270453 912
13 n115852 52 78710 618
13 n115852 53 89861 410
13 n115852 54 199530 621
13 n115852 55 67485 423
13 n115852 56 60088 210
14 p492922 1 1485 40
14 p492922 2 3871 46
14 p492922 3 5430 33
14 p492922 4 3378 28
14 p492922 5 29525 121
14 p492922 6 10992 68
14 p492922 7 33747 114
14 p492922 8 17216 131
14 p492922 9 46359 396
14 p492922 10 14040 129
14 p492922 11 12650 64
14 p492922 12 29874 93
14 p492922 13 8038 83
14 p492922 14 17518 130
14 p492922 15 18650 74
14 p492922 16 21317 257
14 p492922 17 31178 96
14 p492922 18 31599 161
14 p492922 19 15630 68
14 p492922 20 17100 108
14 p492922 21 22638 163
14 p492922 22 40230 383
14 p492922 23 33994 369
14 p492922 24 26936 105
14 p492922 25 55675 550
14 p492922 26 49634 283
14 p492922 27 33021 196
14 p492922 28 62510 220
14 p492922 29 161617 1126
14 p492922 30 38700 168
14 p492922 31 17525 101
14 p492922 32 136352 1140
14 p492922 33 130515 397
14 p492922 34 32390 243
14 p492922 35 65240 310
14 p492922 36 94158 312
14 p492922 37 57886 237
14 p492922 38 120536 636
14 p492922 39 229242 683
14 p492922 40 44306 455
14 p492922 41 215783 1432
14 p492922 42 40236 161
14 p492922 43 230824 785
14 p492922 44 186296 1081
14 p492922 45 24900 155
14 p492922 46 72956 233
14 p492922 47 40631 283
14 p492922 48 75312 251
14 p492922 49 89988 283
14 p492922 50 59150 196
14 p492922 51 41854 282
14 p492922 52 86510 459
14 p492922 53 19415 209
14 p492922 54 121554 379
14 p492922 55 89650 416
14 p492922 56 120204 408
15 t540616 1 1371 11
15 t540616 2 3393 42
15 t540616 3 5302 42
15 t540616 4 4080 40
15 t540616 5 7408 53
15 t540616 6 14793 83
15 t540616 7 15732 95
15 t540616 8 4732 44
15 t540616 9 4536 27
15 t540616 10 44270 129
15 t540616 11 40865 191
15 t540616 12 17880 92
15 t540616 13 49959 145
15 t540616 14 25382 88
15 t540616 15 28210 121
15 t540616 16 7146 50
15 t540616 17 9826 77
15 t540616 18 50553 420
15 t540616 19 34751 139
15 t540616 20 38560 138
15 t540616 21 35644 373
15 t540616 22 114642 410
15 t540616 23 76590 341
15 t540616 24 12448 67
15 t540616 25 69337 218
15 t540616 26 44226 177
15 t540616 27 141453 391
15 t540616 28 160636 389
15 t540616 29 14587 97
15 t540616 30 149370 588
15 t540616 31 87094 426
15 t540616 32 58528 391
15 t540616 33 65989 192
15 t540616 34 55505 166
15 t540616 35 63175 177
15 t540616 36 84582 563
15 t540616 37 44178 226
15 t540616 38 100111 348
15 t540616 39 60827 568
15 t540616 40 31940 279
15 t540616 41 229723 1681
15 t540616 42 51212 229
15 t540616 43 176214 1292
15 t540616 44 45100 222
15 t540616 45 71977 330
15 t540616 46 182436 936
15 t540616 47 77456 390
15 t540616 48 109512 381
15 t540616 49 257544 859
15 t540616 50 65933 280
15 t540616 51 88434 783
15 t540616 52 177216 760
15 t540616 53 49793 279
15 t540616 54 19566 118
15 t540616 55 183920 1117
15 t540616 56 286888 1906
16 s783258 1 809 34
16 s783258 2 2350 40
16 s783258 3 8992 86
16 s783258 4 5174 40
16 s783258 5 7397 111
16 s783258 6 16224 65
16 s783258 7 15225 68
16 s783258 8 8864 75
16 s783258 9 19863 89
16 s783258 10 13135 124
16 s783258 11 10560 57
16 s783258 12 24828 153
16 s783258 13 34736 104
16 s783258 14 11629 58
16 s783258 15 78165 217
16 s783258 16 25392 151
16 s783258 17 72913 186
16 s783258 18 32352 259
16 s783258 19 43719 246
16 s783258 20 41900 136
16 s783258 21 58653 190
16 s783258 22 120802 450
16 s783258 23 46828 236
16 s783258 24 42012 239
16 s783258 25 10933 57
16 s783258 26 50622 282
16 s783258 27 17532 225
16 s783258 28 108220 389
16 s783258 29 22716 88
16 s783258 30 170430 839
16 s783258 31 32519 186
16 s783258 32 76400 391
16 s783258 33 76032 568
16 s783258 34 55726 255
16 s783258 35 58240 264
16 s783258 36 27780 176
16 s783258 37 37388 305
16 s783258 38 14465 104
16 s783258 39 75036 576
16 s783258 40 197960 620
16 s783258 41 93746 282
16 s783258 42 109053 1061
16 s783258 43 180987 450
16 s783258 44 92422 258
16 s783258 45 26302 131
16 s783258 46 51796 368
16 s783258 47 63567 446
16 s783258 48 61584 205
16 s783258 49 57795 229
16 s783258 50 274050 907
16 s783258 51 44795 470
16 s783258 52 284336 1180
16 s783258 53 247192 869
16 s783258 54 152712 899
16 s783258 55 328790 1264
16 s783258 56 108341 306
17 f771145 1 1118 18
17 f771145 2 10140 72
17 f771145 3 8022 74
17 f771145 4 3866 35
17 f771145 5 8445 55
17 f771145 6 9512 79
17 f771145 7 9212 60
17 f771145 8 14924 88
17 f771145 9 16911 77
17 f771145 10 5555 72
17 f771145 11 21164 123
17 f771145 12 21208 89
17 f771145 13 19196 112
17 f771145 14 72548 416
17 f771145 15 7500 57
17 f771145 16 5488 41
17 f771145 17 30923 150
17 f771145 18 10020 106
17 f771145 19 35941 122
17 f771145 20 33220 194
17 f771145 21 87297 637
17 f771145 22 28270 282
17 f771145 23 42366 153
17 f771145 24 32052 280
17 f771145 25 88300 442
17 f771145 26 43636 199
17 f771145 27 82134 335
17 f771145 28 93352 429
17 f771145 29 86478 293
17 f771145 30 41300 175
17 f771145 31 20015 185
17 f771145 32 24928 146
17 f771145 33 70983 379
17 f771145 34 154428 394
17 f771145 35 158690 598
17 f771145 36 56328 170
17 f771145 37 103526 259
17 f771145 38 54479 287
17 f771145 39 229008 1061
17 f771145 40 79000 228
17 f771145 41 25994 148
17 f771145 42 57750 177
17 f771145 43 85527 253
17 f771145 44 46068 405
17 f771145 45 96052 285
17 f771145 46 127374 646
17 f771145 47 37529 145
17 f771145 48 38664 284
17 f771145 49 126836 351
17 f771145 50 128525 531
17 f771145 51 35887 151
17 f771145 52 77636 492
17 f771145 53 72504 333
17 f771145 54 43938 465
17 f771145 55 118277 383
17 f771145 56 329728 1297
18 p902117 1 1153 18
18 p902117 2 3856 39
18 p902117 3 17535 68
18 p902117 4 4980 45
18 p902117 5 14045 65
18 p902117 6 8078 54
18 p902117 7 7980 85
18 p902117 8 3098 45
18 p902117 9 45927 415
18 p902117 10 12650 50
18 p902117 11 25305 149
18 p902117 12 14556 124
18 p902117 13 22243 81
18 p902117 14 21420 77
18 p902117 15 32932 154
18 p902117 16 11328 61
18 p902117 17 31781 175
18 p902117 18 106740 373
18 p902117 19 31388 125
18 p902117 20 63340 263
18 p902117 21 114198 894
18 p902117 22 30888 110
18 p902117 23 25116 104
18 p902117 24 15192 101
18 p902117 25 11791 110
18 p902117 26 150098 355
18 p902117 27 55269 256
18 p902117 28 55178 162
18 p902117 29 138330 474
18 p902117 30 17120 111
18 p902117 31 52188 301
18 p902117 32 32064 121
18 p902117 33 58201 505
18 p902117 34 27404 123
18 p902117 35 33267 355
18 p902117 36 144576 638
18 p902117 37 28712 116
18 p902117 38 41572 153
18 p902117 39 57057 486
18 p902117 40 74620 251
18 p902117 41 220703 789
18 p902117 42 103152 285
18 p902117 43 65575 298
18 p902117 44 75196 271
18 p902117 45 145890 735
18 p902117 46 120934 404
18 p902117 47 20852 185
18 p902117 48 73728 467
18 p902117 49 59894 612
18 p902117 50 113550 293
18 p902117 51 155040 523
18 p902117 52 41158 283
18 p902117 53 71002 275
18 p902117 54 237492 712
18 p902117 55 33577 343
18 p902117 56 178528 1343
19 p493261 1 1474 28
19 p493261 2 5093 41
19 p493261 3 17235 72
19 p493261 4 7568 62
19 p493261 5 9485 115
19 p493261 6 16440 89
19 p493261 7 6024 43
19 p493261 8 5232 56
19 p493261 9 41868 118
19 p493261 10 9935 61
19 p493261 11 27390 159
19 p493261 12 30156 91
19 p493261 13 68367 388
19 p493261 14 22624 69
19 p493261 15 19950 111
19 p493261 16 83024 214
19 p493261 17 75310 579
19 p493261 18 44631 133
19 p493261 19 33693 102
19 p493261 20 71460 278
19 p493261 21 50914 150
19 p493261 22 12034 115
19 p493261 23 27473 101
19 p493261 24 45696 397
19 p493261 25 69862 663
19 p493261 26 32344 167
19 p493261 27 50490 163
19 p493261 28 13225 94
19 p493261 29 69832 629
19 p493261 30 47670 247
19 p493261 31 55304 257
19 p493261 32 62432 213
19 p493261 33 19140 213
19 p493261 34 23358 118
19 p493261 35 176995 1221
19 p493261 36 82080 301
19 p493261 37 176601 572
19 p493261 38 61902 188
19 p493261 39 183222 753
19 p493261 40 31973 230
19 p493261 41 34467 163
19 p493261 42 239862 1137
19 p493261 43 78367 421
19 p493261 44 60089 218
19 p493261 45 66660 315
19 p493261 46 57101 218
19 p493261 47 66975 223
19 p493261 48 267120 1660
19 p493261 49 133745 573
19 p493261 50 236550 920
19 p493261 51 46512 430
19 p493261 52 63145 275
19 p493261 53 132712 395
19 p493261 54 57294 230
19 p493261 55 82298 242
19 p493261 56 84280 428
20 v781376 1 1198 32
20 v781376 2 11960 85
20 v781376 3 2907 45
20 v781376 4 5316 30
20 v781376 5 14320 67
20 v781376 6 25146 96
20 v781376 7 7527 34
20 v781376 8 13037 78
20 v781376 9 15858 91
20 v781376 10 50390 244
20 v781376 11 59169 222
20 v781376 12 11484 82
20 v781376 13 35841 136
20 v781376 14 12145 60
20 v781376 15 21200 85
20 v781376 16 12352 64
20 v781376 17 33065 96
20 v781376 18 15204 71
20 v781376 19 12198 74
20 v781376 20 25660 135
20 v781376 21 15204 71
20 v781376 22 39908 345
20 v781376 23 87354 859
20 v781376 24 9480 78
20 v781376 25 48958 132
20 v781376 26 40291 126
20 v781376 27 18562 104
20 v781376 28 24374 289
20 v781376 29 145493 773
20 v781376 30 65940 443
20 v781376 31 83793 360
20 v781376 32 153376 506
20 v781376 33 57750 509
20 v781376 34 93517 409
20 v781376 35 63840 188
20 v781376 36 40188 173
20 v781376 37 216635 694
20 v781376 38 99560 424
20 v781376 39 44668 341
20 v781376 40 220440 1520
20 v781376 41 26158 124
20 v781376 42 28707 138
20 v781376 43 207862 579
20 v781376 44 34694 407
20 v781376 45 28305 250
20 v781376 46 71208 223
20 v781376 47 87576 435
20 v781376 48 176880 572
20 v781376 49 26084 116
20 v781376 50 63800 289
20 v781376 51 152566 455
20 v781376 52 281320 2245
20 v781376 53 48203 379
20 v781376 54 224964 1155
20 v781376 55 88256 321
20 v781376 56 110189 735
21 s199374 1 917 22
21 s199374 2 3129 46
21 s199374 3 17964 80
21 s199374 4 6336 45
21 s199374 5 4520 34
21 s199374 6 20016 112
21 s199374 7 38703 404
21 s199374 8 10629 71
21 s199374 9 5575 44
21 s199374 10 8170 69
21 s199374 11 22187 75
21 s199374 12 68472 236
21 s199374 13 18685 118
21 s199374 14 11291 70
21 s199374 15 21500 102
21 s199374 16 31242 183
21 s199374 17 49249 183
21 s199374 18 9963 53
21 s199374 19 41287 281
21 s199374 20 26953 141
21 s199374 21 51177 177
21 s199374 22 14263 111
21 s199374 23 120934 324
21 s199374 24 23024 90
21 s199374 25 61200 193
21 s199374 26 47411 214
21 s199374 27 39924 227
21 s199374 28 29848 216
21 s199374 29 39749 209
21 s199374 30 36400 136
21 s199374 31 19592 123
21 s199374 32 50261 219
21 s199374 33 43428 269
21 s199374 34 41242 379
21 s199374 35 115465 301
21 s199374 36 49872 281
21 s199374 37 52589 228
21 s199374 38 151240 1482
21 s199374 39 63752 288
21 s199374 40 102840 393
21 s199374 41 241982 548
21 s199374 42 65114 463
21 s199374 43 85011 337
21 s199374 44 80036 224
21 s199374 45 122355 1201
21 s199374 46 204148 1164
21 s199374 47 223814 733
21 s199374 48 31632 150
21 s199374 49 48804 169
21 s199374 50 82800 309
21 s199374 51 220065 682
21 s199374 52 101573 322
21 s199374 53 72557 554
21 s199374 54 305748 1999
21 s199374 55 97790 272
21 s199374 56 39909 301
22 t293725 1 1183 22
22 t293725 2 932 37
22 t293725 3 5028 20
22 t293725 4 6609 58
22 t293725 5 4713 36
22 t293725 6 3944 42
22 t293725 7 17265 77
22 t293725 8 11080 65
22 t293725 9 19872 67
22 t293725 10 10390 68
22 t293725 11 13178 145
22 t293725 12 21908 156
22 t293725 13 72475 348
22 t293725 14 21760 81
22 t293725 15 21200 90
22 t293725 16 20656 212
22 t293725 17 24423 268
22 t293725 18 24696 130
22 t293725 19 9044 86
22 t293725 20 11580 91
22 t293725 21 39508 261
22 t293725 22 66506 301
22 t293725 23 24962 236
22 t293725 24 15352 194
22 t293725 25 24537 100
22 t293725 26 56446 196
22 t293725 27 29340 120
22 t293725 28 35924 143
22 t293725 29 48159 243
22 t293725 30 93540 338
22 t293725 31 90969 572
22 t293725 32 44704 186
22 t293725 33 48147 193
22 t293725 34 44455 274
22 t293725 35 62451 233
22 t293725 36 60912 209
22 t293725 37 106634 766
22 t293725 38 55454 176
22 t293725 39 52858 255
22 t293725 40 23546 111
22 t293725 41 81685 253
22 t293725 42 79142 481
22 t293725 43 50632 380
22 t293725 44 84201 336
22 t293725 45 73950 222
22 t293725 46 22080 124
22 t293725 47 33229 328
22 t293725 48 52928 268
22 t293725 49 167874 456
22 t293725 50 75766 297
22 t293725 51 216852 1570
22 t293725 52 292760 811
22 t293725 53 34476 194
22 t293725 54 69660 225
22 t293725 55 56292 216
22 t293725 56 320936 2741
23 d818516 1 1416 10
23 d818516 2 2802 29
23 d818516 3 4403 76
23 d818516 4 21008 152
23 d818516 5 11707 42
23 d818516 6 15690 97
23 d818516 7 9191 82
23 d818516 8 7869 58
23 d818516 9 13459 63
23 d818516 10 28235 181
23 d818516 11 7073 53
23 d818516 12 41544 149
23 d818516 13 19534 72
23 d818516 14 41454 127
23 d818516 15 31582 154
23 d818516 16 13120 52
23 d818516 17 35173 351
23 d818516 18 23814 98
23 d818516 19 17448 81
23 d818516 20 15193 102
23 d818516 21 89166 249
23 d818516 22 69652 168
23 d818516 23 18745 92
23 d818516 24 28440 301
23 d818516 25 13500 113
23 d818516 26 40235 161
23 d818516 27 35307 182
23 d818516 28 9370 140
23 d818516 29 38062 192
23 d818516 30 23940 93
23 d818516 31 34797 138
23 d818516 32 43440 139
23 d818516 33 55737 371
23 d818516 34 35870 303
23 d818516 35 66056 620
23 d818516 36 43974 496
23 d818516 37 185888 1352
23 d818516 38 94506 633
23 d818516 39 53846 213
23 d818516 40 70520 248
23 d818516 41 126198 325
23 d818516 42 40642 289
23 d818516 43 53463 240
23 d818516 44 59972 204
23 d818516 45 87315 404
23 d818516 46 115874 345
23 d818516 47 113411 795
23 d818516 48 100512 842
23 d818516 49 219030 739
23 d818516 50 50500 423
23 d818516 51 91239 260
23 d818516 52 72644 348
23 d818516 53 91142 537
23 d818516 54 100386 324
23 d818516 55 69703 231
23 d818516 56 46106 181
24 r733867 1 1270 46
24 r733867 2 9520 80
24 r733867 3 1773 24
24 r733867 4 4952 53
24 r733867 5 3701 53
24 r733867 6 9386 120
24 r733867 7 8050 73
24 r733867 8 28272 166
24 r733867 9 26955 131
24 r733867 10 53990 127
24 r733867 11 60159 142
24 r733867 12 22800 148
24 r733867 13 68159 307
24 r733867 14 18648 83
24 r733867 15 5710 41
24 r733867 16 45616 194
24 r733867 17 31421 123
24 r733867 18 46944 193
24 r733867 19 94905 321
24 r733867 20 52540 158
24 r733867 21 30765 244
24 r733867 22 8697 86
24 r733867 23 20148 84
24 r733867 24 77064 195
24 r733867 25 59550 188
24 r733867 26 60268 170
24 r733867 27 59440 538
24 r733867 28 35070 181
24 r733867 29 46902 153
24 r733867 30 30990 115
24 r733867 31 31113 185
24 r733867 32 48501 330
24 r733867 33 63448 489
24 r733867 34 138142 376
24 r733867 35 56758 253
24 r733867 36 12312 100
24 r733867 37 90613 324
24 r733867 38 125590 728
24 r733867 39 19734 134
24 r733867 40 26000 141
24 r733867 41 18340 147
24 r733867 42 204624 517
24 r733867 43 67015 192
24 r733867 44 236236 645
24 r733867 45 104850 375
24 r733867 46 63204 270
24 r733867 47 134631 517
24 r733867 48 84000 518
24 r733867 49 201586 503
24 r733867 50 258550 1772
24 r733867 51 20060 261
24 r733867 52 60788 209
24 r733867 53 231769 605
24 r733867 54 184680 957
24 r733867 55 113190 465
24 r733867 56 176176 552
25 p638983 1 1247 25
25 p638983 2 3190 24
25 p638983 3 17070 96
25 p638983 4 4221 51
25 p638983 5 8465 73
25 p638983 6 26070 225
25 p638983 7 15806 48
25 p638983 8 20448 138
25 p638983 9 12780 71
25 p638983 10 12310 99
25 p638983 11 55935 221
25 p638983 12 16980 73
25 p638983 13 11901 50
25 p638983 14 21987 97
25 p638983 15 20205 84
25 p638983 16 12773 73
25 p638983 17 6437 99
25 p638983 18 36729 121
25 p638983 19 11998 70
25 p638983 20 45340 191
25 p638983 21 59104 168
25 p638983 22 23510 148
25 p638983 23 31678 128
25 p638983 24 129600 907
25 p638983 25 86050 228
25 p638983 26 33033 175
25 p638983 27 52947 341
25 p638983 28 81032 861
25 p638983 29 24331 127
25 p638983 30 101490 557
25 p638983 31 151559 1445
25 p638983 32 25280 160
25 p638983 33 43043 252
25 p638983 34 24446 91
25 p638983 35 189805 1666
25 p638983 36 145980 465
25 p638983 37 47563 276
25 p638983 38 41901 211
25 p638983 39 68848 235
25 p638983 40 102040 346
25 p638983 41 181671 539
25 p638983 42 186270 572
25 p638983 43 38571 265
25 p638983 44 137720 344
25 p638983 45 52065 481
25 p638983 46 78959 242
25 p638983 47 76657 710
25 p638983 48 192144 763
25 p638983 49 18636 150
25 p638983 50 78416 704
25 p638983 51 83929 441
25 p638983 52 109200 989
25 p638983 53 97626 938
25 p638983 54 80028 534
25 p638983 55 35951 137
25 p638983 56 69664 246
26 c361748 1 978 32
26 c361748 2 2538 55
26 c361748 3 7479 56
26 c361748 4 6001 89
26 c361748 5 3717 47
26 c361748 6 27828 98
26 c361748 7 4511 51
26 c361748 8 16784 93
26 c361748 9 19525 79
26 c361748 10 8503 63
26 c361748 11 14619 85
26 c361748 12 44232 212
26 c361748 13 19768 122
26 c361748 14 13671 76
26 c361748 15 19620 82
26 c361748 16 13552 75
26 c361748 17 13770 99
26 c361748 18 25260 161
26 c361748 19 14449 129
26 c361748 20 17526 77
26 c361748 21 124005 778
26 c361748 22 14600 88
26 c361748 23 33120 143
26 c361748 24 23196 193
26 c361748 25 78575 556
26 c361748 26 98332 304
26 c361748 27 10710 57
26 c361748 28 33600 122
26 c361748 29 81983 245
26 c361748 30 32100 138
26 c361748 31 23343 177
26 c361748 32 63616 213
26 c361748 33 57915 207
26 c361748 34 42126 150
26 c361748 35 36621 204
26 c361748 36 39444 143
26 c361748 37 37777 173
26 c361748 38 27828 329
26 c361748 39 68536 290
26 c361748 40 111840 396
26 c361748 41 22577 236
26 c361748 42 236124 538
26 c361748 43 122507 822
26 c361748 44 114224 472
26 c361748 45 75525 227
26 c361748 46 66776 278
26 c361748 47 74573 305
26 c361748 48 64384 229
26 c361748 49 139062 350
26 c361748 50 235100 1689
26 c361748 51 72904 492
26 c361748 52 243568 1351
26 c361748 53 51533 206
26 c361748 54 31212 147
26 c361748 55 66971 291
26 c361748 56 319872 768
27 t558157 1 1447 9
27 t558157 2 3653 22
27 t558157 3 1344 24
27 t558157 4 7872 38
27 t558157 5 10532 69
27 t558157 6 17742 62
27 t558157 7 5532 57
27 t558157 8 10637 40
27 t558157 9 15894 138
27 t558157 10 5235 56
27 t558157 11 26449 76
27 t558157 12 7124 68
27 t558157 13 14633 122
27 t558157 14 9912 52
27 t558157 15 17190 83
27 t558157 16 69408 213
27 t558157 17 17334 88
27 t558157 18 14157 69
27 t558157 19 11583 87
27 t558157 20 47180 174
27 t558157 21 115101 478
27 t558157 22 96690 366
27 t558157 23 60191 282
27 t558157 24 12036 79
27 t558157 25 11366 136
27 t558157 26 13013 104
27 t558157 27 44181 386
27 t558157 28 43101 137
27 t558157 29 74762 392
27 t558157 30 111600 281
27 t558157 31 18445 97
27 t558157 32 131328 569
27 t558157 33 27225 106
27 t558157 34 38454 153
27 t558157 35 70350 228
27 t558157 36 59706 206
27 t558157 37 49703 159
27 t558157 38 201324 481
27 t558157 39 89037 771
27 t558157 40 149680 1089
27 t558157 41 65545 241
27 t558157 42 134946 382
27 t558157 43 55040 188
27 t558157 44 133672 530
27 t558157 45 161505 1467
27 t558157 46 40817 272
27 t558157 47 23829 173
27 t558157 48 94080 516
27 t558157 49 51499 248
27 t558157 50 123750 475
27 t558157 51 95191 335
27 t558157 52 244660 1977
27 t558157 53 97643 554
27 t558157 54 190458 792
27 t558157 55 274945 644
27 t558157 56 105896 869
28 o774969 1 1462 39
28 o774969 2 9378 30
28 o774969 3 6432 58
28 o774969 4 5612 85
28 o774969 5 3543 21
28 o774969 6 14133 70
28 o774969 7 37030 112
28 o774969 8 5837 60
28 o774969 9 43227 135
28 o774969 10 35610 102
28 o774969 11 27302 96
28 o774969 12 10160 127
28 o774969 13 5018 42
28 o774969 14 59080 592
28 o774969 15 11230 116
28 o774969 16 10128 76
28 o774969 17 8653 55
28 o774969 18 27144 95
28 o774969 19 60914 295
28 o774969 20 22826 155
28 o774969 21 57424 356
28 o774969 22 11608 84
28 o774969 23 58535 207
28 o774969 24 123624 556
28 o774969 25 28066 94
28 o774969 26 49348 159
28 o774969 27 29335 242
28 o774969 28 12208 93
28 o774969 29 57574 169
28 o774969 30 47235 167
28 o774969 31 86598 297
28 o774969 32 31658 147
28 o774969 33 86394 414
28 o774969 34 64872 219
28 o774969 35 83947 300
28 o774969 36 36732 203
28 o774969 37 86876 869
28 o774969 38 61807 325
28 o774969 39 56394 321
28 o774969 40 75400 826
28 o774969 41 59791 237
28 o774969 42 101976 307
28 o774969 43 238865 1463
28 o774969 44 47256 159
28 o774969 45 119520 568
28 o774969 46 226458 1235
28 o774969 47 45762 267
28 o774969 48 59136 327
28 o774969 49 129433 331
28 o774969 50 55916 228
28 o774969 51 148257 1179
28 o774969 52 36070 193
28 o774969 53 94313 746
28 o774969 54 33606 388
28 o774969 55 326260 963
28 o774969 56 103152 626
29 g516794 1 780 17
29 g516794 2 1538 12
29 g516794 3 5958 73
29 g516794 4 5537 38
29 g516794 5 9667 50
29 g516794 6 14664 50
29 g516794 7 11035 135
29 g516794 8 5314 57
29 g516794 9 20943 176
29 g516794 10 49340 383
29 g516794 11 36454 118
29 g516794 12 22056 139
29 g516794 13 17205 113
29 g516794 14 15792 107
29 g516794 15 16465 61
29 g516794 16 20624 140
29 g516794 17 12591 83
29 g516794 18 90288 477
29 g516794 19 15665 81
29 g516794 20 52320 441
29 g516794 21 12033 51
29 g516794 22 61512 180
29 g516794 23 68367 521
29 g516794 24 51744 172
29 g516794 25 10408 59
29 g516794 26 77987 775
29 g516794 27 155547 519
29 g516794 28 47516 182
29 g516794 29 35902 262
29 g516794 30 38820 168
29 g516794 31 59633 555
29 g516794 32 32426 135
29 g516794 33 152955 600
29 g516794 34 12466 130
29 g516794 35 32188 135
29 g516794 36 91836 301
29 g516794 37 206904 537
29 g516794 38 45625 168
29 g516794 39 60190 426
29 g516794 40 13466 87
29 g516794 41 111212 547
29 g516794 42 60312 379
29 g516794 43 191006 1324
29 g516794 44 54164 305
29 g516794 45 75937 309
29 g516794 46 76038 437
29 g516794 47 233731 809
29 g516794 48 63384 246
29 g516794 49 124313 321
29 g516794 50 287050 878
29 g516794 51 172023 816
29 g516794 52 37873 390
29 g516794 53 93969 486
29 g516794 54 89064 318
29 g516794 55 119845 1160
29 g516794 56 31920 168
30 h707263 1 1338 15
30 h707263 2 1216 30
30 h707263 3 11688 60
30 h707263 4 3538 23
30 h707263 5 13310 101
30 h707263 6 12291 92
30 h707263 7 10873 64
30 h707263 8 8992 34
30 h707263 9 19372 152
30 h707263 10 18965 75
30 h707263 11 11418 55
30 h707263 12 54696 183
30 h707263 13 30381 119
30 h707263 14 15208 101
30 h707263 15 40845 190
30 h707263 16 33952 175
30 h707263 17 26205 112
30 h707263 18 24759 109
30 h707263 19 37366 132
30 h707263 20 57860 357
30 h707263 21 37065 189
30 h707263 22 42548 217
30 h707263 23 23885 197
30 h707263 24 22760 196
30 h707263 25 37950 143
30 h707263 26 37674 181
30 h707263 27 113535 443
30 h707263 28 75768 730
30 h707263 29 57449 193
30 h707263 30 65730 189
30 h707263 31 91155 242
30 h707263 32 41760 153
30 h707263 33 57706 345
30 h707263 34 24525 110
30 h707263 35 43837 203
30 h707263 36 78066 240
30 h707263 37 59767 253
30 h707263 38 100377 341
30 h707263 39 166218 436
30 h707263 40 44360 419
30 h707263 41 72324 658
30 h707263 42 71736 741
30 h707263 43 33583 153
30 h707263 44 165484 591
30 h707263 45 114120 1006
30 h707263 46 59600 239
30 h707263 47 198011 1540
30 h707263 48 97584 397
30 h707263 49 85456 656
30 h707263 50 145450 1477
30 h707263 51 80240 432
30 h707263 52 85046 464
30 h707263 53 203944 508
30 h707263 54 99936 368
30 h707263 55 249975 812
30 h707263 56 66546 248
31 c251541 1 1447 42
31 c251541 2 4999 30
31 c251541 3 7888 90
31 c251541 4 7202 59
31 c251541 5 8110 70
31 c251541 6 11046 59
31 c251541 7 19428 130
31 c251541 8 21576 131
31 c251541 9 13351 127
31 c251541 10 54630 232
31 c251541 11 22121 90
31 c251541 12 55032 277
31 c251541 13 18960 59
31 c251541 14 17990 114
31 c251541 15 35805 191
31 c251541 16 20528 175
31 c251541 17 48101 135
31 c251541 18 10050 73
31 c251541 19 55556 208
31 c251541 20 54300 148
31 c251541 21 11445 73
31 c251541 22 91388 316
31 c251541 23 16383 98
31 c251541 24 51156 264
31 c251541 25 55725 230
31 c251541 26 18000 149
31 c251541 27 59467 182
31 c251541 28 36885 215
31 c251541 29 51774 210
31 c251541 30 16630 99
31 c251541 31 56905 400
31 c251541 32 137152 353
31 c251541 33 29007 164
31 c251541 34 62197 230
31 c251541 35 68985 281
31 c251541 36 162468 654
31 c251541 37 90946 328
31 c251541 38 53732 236
31 c251541 39 187902 1096
31 c251541 40 86520 249
31 c251541 41 67096 231
31 c251541 42 170268 413
31 c251541 43 70520 206
31 c251541 44 61512 252
31 c251541 45 70785 392
31 c251541 46 26327 139
31 c251541 47 89394 256
31 c251541 48 231024 941
31 c251541 49 231623 954
31 c251541 50 48175 251
31 c251541 51 260610 642
31 c251541 52 26676 176
31 c251541 53 162180 528
31 c251541 54 102195 833
31 c251541 55 30415 127
31 c251541 56 148568 1051
32 m531810 1 1163 19
32 m531810 2 2052 43
32 m531810 3 5354 38
32 m531810 4 13648 129
32 m531810 5 6635 99
32 m531810 6 4000 25
32 m531810 7 15606 128
32 m531810 8 47584 336
32 m531810 9 23890 105
32 m531810 10 6405 59
32 m531810 11 9980 72
32 m531810 12 51960 219
32 m531810 13 17127 189
32 m531810 14 24220 151
32 m531810 15 40845 130
32 m531810 16 15328 77
32 m531810 17 18734 103
32 m531810 18 22194 104
32 m531810 19 20111 162
32 m531810 20 86120 284
32 m531810 21 25242 216
32 m531810 22 23650 142
32 m531810 23 103408 304
32 m531810 24 36312 124
32 m531810 25 34525 135
32 m531810 26 32898 134
32 m531810 27 40068 144
32 m531810 28 46657 298
32 m531810 29 42485 173
32 m531810 30 82620 666
32 m531810 31 20842 126
32 m531810 32 52624 230
32 m531810 33 62722 200
32 m531810 34 47158 305
32 m531810 35 68786 372
32 m531810 36 72288 296
32 m531810 37 93443 590
32 m531810 38 86526 498
32 m531810 39 48633 238
32 m531810 40 67640 316
32 m531810 41 204754 871
32 m531810 42 112644 300
32 m531810 43 142717 597
32 m531810 44 67085 303
32 m531810 45 58095 336
32 m531810 46 25208 313
32 m531810 47 50948 261
32 m531810 48 58672 504
32 m531810 49 67938 267
32 m531810 50 82625 240
32 m531810 51 39958 347
32 m531810 52 143676 1426
32 m531810 53 83316 290
32 m531810 54 64692 338
32 m531810 55 127655 342
32 m531810 56 240856 1038
33 x137763 1 559 20
33 x137763 2 1750 15
33 x137763 3 14979 43
33 x137763 4 4694 71
33 x137763 5 8442 62
33 x137763 6 27624 124
33 x137763 7 31192 180
33 x137763 8 27816 108
33 x137763 9 22284 66
33 x137763 10 5926 66
33 x137763 11 5665 49
33 x137763 12 9420 46
33 x137763 13 11045 82
33 x137763 14 10201 68
33 x137763 15 25845 160
33 x137763 16 19104 84
33 x137763 17 38173 233
33 x137763 18 28944 116
33 x137763 19 43643 144
33 x137763 20 77840 329
33 x137763 21 53634 468
33 x137763 22 33256 351
33 x137763 23 33066 142
33 x137763 24 15584 103
33 x137763 25 48341 238
33 x137763 26 29315 171
33 x137763 27 46332 232
33 x137763 28 162540 405
33 x137763 29 48642 166
33 x137763 30 16455 98
33 x137763 31 153326 401
33 x137763 32 43541 380
33 x137763 33 84381 393
33 x137763 34 49878 322
33 x137763 35 69090 517
33 x137763 36 168804 667
33 x137763 37 93295 384
33 x137763 38 69274 367
33 x137763 39 63050 486
33 x137763 40 46120 177
33 x137763 41 160105 550
33 x137763 42 62188 254
33 x137763 43 86408 785
33 x137763 44 126478 375
33 x137763 45 39847 164
33 x137763 46 23368 181
33 x137763 47 56235 229
33 x137763 48 42192 323
33 x137763 49 89980 285
33 x137763 50 124900 410
33 x137763 51 88978 965
33 x137763 52 90878 418
33 x137763 53 137429 441
33 x137763 54 43902 174
33 x137763 55 75570 248
33 x137763 56 113092 411
34 v959612 1 1081 14
34 v959612 2 4047 52
34 v959612 3 3537 35
34 v959612 4 3774 38
34 v959612 5 6295 47
34 v959612 6 17274 88
34 v959612 7 10441 78
34 v959612 8 5640 37
34 v959612 9 18481 62
34 v959612 10 14596 142
34 v959612 11 19937 90
34 v959612 12 21732 88
34 v959612 13 23140 98
34 v959612 14 72954 455
34 v959612 15 74370 193
34 v959612 16 17061 95
34 v959612 17 35513 346
34 v959612 18 11394 92
34 v959612 19 32794 132
34 v959612 20 88480 247
34 v959612 21 39627 273
34 v959612 22 29194 110
34 v959612 23 19818 129
34 v959612 24 51504 238
34 v959612 25 39925 139
34 v959612 26 16700 110
34 v959612 27 38484 145
34 v959612 28 33922 263
34 v959612 29 50025 168
34 v959612 30 41330 196
34 v959612 31 42501 243
34 v959612 32 41824 347
34 v959612 33 19283 110
34 v959612 34 31076 114
34 v959612 35 50557 404
34 v959612 36 158076 1087
34 v959612 37 82288 857
34 v959612 38 60990 190
34 v959612 39 73346 259
34 v959612 40 217800 973
34 v959612 41 55773 173
34 v959612 42 247926 1510
34 v959612 43 52374 299
34 v959612 44 32076 140
34 v959612 45 103680 396
34 v959612 46 78338 297
34 v959612 47 30095 226
34 v959612 48 80256 254
34 v959612 49 136685 1120
34 v959612 50 256600 876
34 v959612 51 255357 853
34 v959612 52 96165 447
34 v959612 53 78051 278
34 v959612 54 275832 904
34 v959612 55 27793 312
34 v959612 56 255136 1443
35 w471121 1 1434 32
35 w471121 2 11690 85
35 w471121 3 7530 76
35 w471121 4 2740 33
35 w471121 5 14232 102
35 w471121 6 10263 72
35 w471121 7 11585 116
35 w471121 8 9848 58
35 w471121 9 5301 48
35 w471121 10 58120 329
35 w471121 11 20771 68
35 w471121 12 8856 69
35 w471121 13 6443 48
35 w471121 14 23594 185
35 w471121 15 44077 369
35 w471121 16 17061 108
35 w471121 17 22598 115
35 w471121 18 22221 97
35 w471121 19 26628 293
35 w471121 20 11690 73
35 w471121 21 59451 198
35 w471121 22 31533 276
35 w471121 23 96485 372
35 w471121 24 43320 147
35 w471121 25 37541 154
35 w471121 26 50973 191
35 w471121 27 107298 376
35 w471121 28 72240 651
35 w471121 29 14287 68
35 w471121 30 136470 330
35 w471121 31 42521 195
35 w471121 32 92544 406
35 w471121 33 37598 259
35 w471121 34 12115 87
35 w471121 35 63945 562
35 w471121 36 131364 383
35 w471121 37 30710 130
35 w471121 38 126844 321
35 w471121 39 95452 374
35 w471121 40 228480 1056
35 w471121 41 79471 225
35 w471121 42 147042 509
35 w471121 43 63941 712
35 w471121 44 106348 269
35 w471121 45 61380 340
35 w471121 46 125764 369
35 w471121 47 39715 179
35 w471121 48 42800 167
35 w471121 49 51205 181
35 w471121 50 55525 353
35 w471121 51 144049 1206
35 w471121 52 25636 237
35 w471121 53 236539 762
35 w471121 54 65214 387
35 w471121 55 55146 342
35 w471121 56 329000 1161
36 k933997 1 1347 21
36 k933997 2 3680 22
36 k933997 3 3792 39
36 k933997 4 5814 34
36 k933997 5 7465 41
36 k933997 6 27642 213
36 k933997 7 37912 135
36 k933997 8 34536 154
36 k933997 9 5340 72
36 k933997 10 12685 65
36 k933997 11 19481 74
36 k933997 12 35844 114
36 k933997 13 20605 115
36 k933997 14 12964 76
36 k933997 15 19880 87
36 k933997 16 16632 125
36 k933997 17 28701 279
36 k933997 18 29313 120
36 k933997 19 25175 274
36 k933997 20 40820 121
36 k933997 21 35490 127
36 k933997 22 34694 240
36 k933997 23 16023 103
36 k933997 24 22440 97
36 k933997 25 35800 309
36 k933997 26 77636 237
36 k933997 27 43983 183
36 k933997 28 70784 245
36 k933997 29 31639 208
36 k933997 30 26240 108
36 k933997 31 45260 229
36 k933997 32 16821 118
36 k933997 33 24805 138
36 k933997 34 90848 243
36 k933997 35 66780 420
36 k933997 36 186696 510
36 k933997 37 47101 233
36 k933997 38 95304 271
36 k933997 39 141843 512
36 k933997 40 58160 196
36 k933997 41 174496 999
36 k933997 42 38066 275
36 k933997 43 79664 695
36 k933997 44 63653 199
36 k933997 45 46980 306
36 k933997 46 69567 719
36 k933997 47 125278 414
36 k933997 48 82400 618
36 k933997 49 77273 480
36 k933997 50 55000 364
36 k933997 51 86241 334
36 k933997 52 284856 2224
36 k933997 53 94075 427
36 k933997 54 97722 437
36 k933997 55 90878 390
36 k933997 56 96936 639
37 k254213 1 1053 34
37 k254213 2 6470 26
37 k254213 3 5351 38
37 k254213 4 10370 55
37 k254213 5 3027 40
37 k254213 6 8664 59
37 k254213 7 19831 219
37 k254213 8 10376 80
37 k254213 9 17127 72
37 k254213 10 25930 108
37 k254213 11 8044 49
37 k254213 12 57180 212
37 k254213 13 31869 109
37 k254213 14 23842 166
37 k254213 15 29730 265
37 k254213 16 17488 120
37 k254213 17 28517 242
37 k254213 18 31086 201
37 k254213 19 52620 515
37 k254213 20 54490 333
37 k254213 21 11396 85
37 k254213 22 33689 104
37 k254213 23 34799 160
37 k254213 24 56136 196
37 k254213 25 123625 493
37 k254213 26 144950 731
37 k254213 27 33219 127
37 k254213 28 20617 121
37 k254213 29 30904 220
37 k254213 30 37240 386
37 k254213 31 24614 113
37 k254213 32 130048 412
37 k254213 33 22374 108
37 k254213 34 58117 418
37 k254213 35 22808 101
37 k254213 36 28740 119
37 k254213 37 76590 518
37 k254213 38 36847 181
37 k254213 39 55516 267
37 k254213 40 174520 1191
37 k254213 41 25481 152
37 k254213 42 61264 268
37 k254213 43 28365 216
37 k254213 44 77073 340
37 k254213 45 126022 342
37 k254213 46 63894 188
37 k254213 47 33346 134
37 k254213 48 106080 358
37 k254213 49 89302 395
37 k254213 50 139700 400
37 k254213 51 150271 1281
37 k254213 52 282672 1151
37 k254213 53 30024 157
37 k254213 54 42741 201
37 k254213 55 39196 321
37 k254213 56 207592 904
38 q107049 1 647 37
38 q107049 2 5778 53
38 q107049 3 5535 52
38 q107049 4 19912 67
38 q107049 5 3260 29
38 q107049 6 8613 70
38 q107049 7 9975 51
38 q107049 8 18264 207
38 q107049 9 7404 86
38 q107049 10 28870 147
38 q107049 11 22902 104
38 q107049 12 22276 222
38 q107049 13 36198 124
38 q107049 14 19782 90
38 q107049 15 41280 343
38 q107049 16 32584 270
38 q107049 17 22015 103
38 q107049 18 8550 92
38 q107049 19 13509 95
38 q107049 20 17346 197
38 q107049 21 28000 93
38 q107049 22 28160 267
38 q107049 23 59857 232
38 q107049 24 16728 97
38 q107049 25 33158 180
38 q107049 26 76986 301
38 q107049 27 30753 147
38 q107049 28 31192 242
38 q107049 29 41006 194
38 q107049 30 61230 277
38 q107049 31 28168 212
38 q107049 32 36085 322
38 q107049 33 46942 441
38 q107049 34 28616 315
38 q107049 35 42116 362
38 q107049 36 62136 205
38 q107049 37 65638 294
38 q107049 38 101897 706
38 q107049 39 67938 213
38 q107049 40 111660 597
38 q107049 41 113201 341
38 q107049 42 60046 226
38 q107049 43 65675 334
38 q107049 44 38632 176
38 q107049 45 164160 469
38 q107049 46 35259 206
38 q107049 47 50290 416
38 q107049 48 32016 225
38 q107049 49 62589 354
38 q107049 50 107325 572
38 q107049 51 70465 470
38 q107049 52 148200 539
38 q107049 53 209562 548
38 q107049 54 22266 200
38 q107049 55 70537 356
38 q107049 56 77186 284
39 m471482 1 914 27
39 m471482 2 5135 49
39 m471482 3 5605 59
39 m471482 4 5916 83
39 m471482 5 7960 78
39 m471482 6 34530 363
39 m471482 7 9510 97
39 m471482 8 5560 57
39 m471482 9 50652 119
39 m471482 10 26000 124
39 m471482 11 24134 77
39 m471482 12 49632 240
39 m471482 13 56771 245
39 m471482 14 42336 163
39 m471482 15 89145 225
39 m471482 16 8328 129
39 m471482 17 38972 140
39 m471482 18 78588 470
39 m471482 19 77824 190
39 m471482 20 13580 92
39 m471482 21 13167 101
39 m471482 22 29062 132
39 m471482 23 59524 474
39 m471482 24 53796 334
39 m471482 25 44691 254
39 m471482 26 18044 184
39 m471482 27 160866 409
39 m471482 28 16837 96
39 m471482 29 43857 157
39 m471482 30 137370 632
39 m471482 31 59292 192
39 m471482 32 119968 310
39 m471482 33 32747 178
39 m471482 34 162656 386
39 m471482 35 59937 189
39 m471482 36 66132 188
39 m471482 37 126873 391
39 m471482 38 15542 110
39 m471482 39 21586 96
39 m471482 40 118720 337
39 m471482 41 19024 100
39 m471482 42 69958 284
39 m471482 43 230136 653
39 m471482 44 244552 991
39 m471482 45 24660 215
39 m471482 46 43454 263
39 m471482 47 192418 484
39 m471482 48 65280 200
39 m471482 49 263865 2174
39 m471482 50 40816 181
39 m471482 51 164271 416
39 m471482 52 90376 334
39 m471482 53 125689 360
39 m471482 54 93654 930
39 m471482 55 154192 1613
39 m471482 56 88685 265
40 i792605 1 545 15
40 i792605 2 2205 34
40 i792605 3 6576 37
40 i792605 4 9762 107
40 i792605 5 14245 92
40 i792605 6 7272 48
40 i792605 7 7765 46
40 i792605 8 15952 72
40 i792605 9 16653 107
40 i792605 10 5546 46
40 i792605 11 20526 92
40 i792605 12 37368 131
40 i792605 13 43290 382
40 i792605 14 33453 114
40 i792605 15 10390 107
40 i792605 16 32744 303
40 i792605 17 25466 83
40 i792605 18 19800 104
40 i792605 19 66443 297
40 i792605 20 36073 207
40 i792605 21 9954 70
40 i792605 22 65373 183
40 i792605 23 73140 445
40 i792605 24 40024 140
40 i792605 25 90050 322
40 i792605 26 119444 553
40 i792605 27 31158 110
40 i792605 28 12497 78
40 i792605 29 155875 377
40 i792605 30 28310 139
40 i792605 31 54994 191
40 i792605 32 77344 322
40 i792605 33 73606 453
40 i792605 34 44483 275
40 i792605 35 204890 789
40 i792605 36 91152 272
40 i792605 37 40786 152
40 i792605 38 103056 280
40 i792605 39 78741 236
40 i792605 40 54360 522
40 i792605 41 40603 185
40 i792605 42 40264 150
40 i792605 43 200982 626
40 i792605 44 214192 1721
40 i792605 45 266895 1112
40 i792605 46 106674 280
40 i792605 47 79790 274
40 i792605 48 56976 291
40 i792605 49 201096 504
40 i792605 50 227900 898
40 i792605 51 99739 342
40 i792605 52 46193 207
40 i792605 53 301941 1233
40 i792605 54 141804 959
40 i792605 55 238590 2259
40 i792605 56 32909 215
41 g490860 1 551 35
41 g490860 2 1989 18
41 g490860 3 2716 24
41 g490860 4 6188 63
41 g490860 5 11632 56
41 g490860 6 11814 66
41 g490860 7 5056 70
41 g490860 8 22268 146
41 g490860 9 9436 56
41 g490860 10 16050 107
41 g490860 11 16274 99
41 g490860 12 17964 204
41 g490860 13 6838 55
41 g490860 14 80444 243
41 g490860 15 15045 97
41 g490860 16 44768 122
41 g490860 17 24820 93
41 g490860 18 15696 84
41 g490860 19 25488 119
41 g490860 20 49540 152
41 g490860 21 59136 406
41 g490860 22 55363 410
41 g490860 23 89700 351
41 g490860 24 51504 149
41 g490860 25 52625 301
41 g490860 26 56394 471
41 g490860 27 153360 1521
41 g490860 28 78904 208
41 g490860 29 40513 170
41 g490860 30 57900 195
41 g490860 31 48856 193
41 g490860 32 35072 288
41 g490860 33 176319 754
41 g490860 34 65348 438
41 g490860 35 46865 207
41 g490860 36 64524 209
41 g490860 37 39738 187
41 g490860 38 108110 1067
41 g490860 39 144027 523
41 g490860 40 25546 144
41 g490860 41 25515 238
41 g490860 42 91266 348
41 g490860 43 195865 1203
41 g490860 44 84040 326
41 g490860 45 76365 336
41 g490860 46 59202 383
41 g490860 47 123704 461
41 g490860 48 54896 235
41 g490860 49 27097 177
41 g490860 50 95950 493
41 g490860 51 92616 654
41 g490860 52 58188 291
41 g490860 53 36119 180
41 g490860 54 80298 246
41 g490860 55 257070 973
41 g490860 56 38360 338
42 h281149 1 1047 35
42 h281149 2 1794 53
42 h281149 3 4951 31
42 h281149 4 6786 61
42 h281149 5 4493 44
42 h281149 6 11928 57
42 h281149 7 20975 65
42 h281149 8 43312 299
42 h281149 9 11070 67
42 h281149 10 36140 123
42 h281149 11 15521 58
42 h281149 12 8924 69
42 h281149 13 71006 420
42 h281149 14 9079 136
42 h281149 15 15570 161
42 h281149 16 24229 131
42 h281149 17 51153 213
42 h281149 18 105462 375
42 h281149 19 55432 293
42 h281149 20 23213 119
42 h281149 21 21094 173
42 h281149 22 123024 326
42 h281149 23 23023 104
42 h281149 24 47440 201
42 h281149 25 28775 95
42 h281149 26 13546 67
42 h281149 27 29655 104
42 h281149 28 45136 159
42 h281149 29 74559 268
42 h281149 30 169140 412
42 h281149 31 46143 155
42 h281149 32 187200 889
42 h281149 33 32538 210
42 h281149 34 179996 428
42 h281149 35 62393 253
42 h281149 36 46356 446
42 h281149 37 64010 197
42 h281149 38 40242 205
42 h281149 39 141843 1127
42 h281149 40 69706 342
42 h281149 41 104345 464
42 h281149 42 67354 241
42 h281149 43 14820 132
42 h281149 44 164428 734
42 h281149 45 23152 245
42 h281149 46 30498 249
42 h281149 47 28458 162
42 h281149 48 237120 1003
42 h281149 49 231770 588
42 h281149 50 296250 2477
42 h281149 51 64132 695
42 h281149 52 44130 262
42 h281149 53 74111 324
42 h281149 54 59670 522
42 h281149 55 40865 203
42 h281149 56 162120 928
43 l632988 1 676 8
43 l632988 2 2478 31
43 l632988 3 2983 18
43 l632988 4 6840 61
43 l632988 5 6625 68
43 l632988 6 24324 130
43 l632988 7 34475 135
43 l632988 8 15362 79
43 l632988 9 18972 66
43 l632988 10 18740 99
43 l632988 11 31762 106
43 l632988 12 14512 163
43 l632988 13 32799 141
43 l632988 14 24346 94
43 l632988 15 53835 151
43 l632988 16 48240 197
43 l632988 17 58684 303
43 l632988 18 89028 454
43 l632988 19 20244 91
43 l632988 20 18526 199
43 l632988 21 13937 75
43 l632988 22 80124 531
43 l632988 23 21643 149
43 l632988 24 93792 278
43 l632988 25 120775 344
43 l632988 26 26390 164
43 l632988 27 52069 180
43 l632988 28 99708 328
43 l632988 29 38676 421
43 l632988 30 45170 210
43 l632988 31 67285 295
43 l632988 32 171136 648
43 l632988 33 170940 593
43 l632988 34 51680 218
43 l632988 35 47022 235
43 l632988 36 82764 424
43 l632988 37 62215 202
43 l632988 38 37753 272
43 l632988 39 34671 206
43 l632988 40 44826 148
43 l632988 41 134808 387
43 l632988 42 228732 1054
43 l632988 43 197456 1334
43 l632988 44 71764 522
43 l632988 45 17490 111
43 l632988 46 64032 368
43 l632988 47 100909 450
43 l632988 48 60624 207
43 l632988 49 38906 254
43 l632988 50 222100 523
43 l632988 51 297330 955
43 l632988 52 59566 262
43 l632988 53 285564 907
43 l632988 54 263196 599
43 l632988 55 165165 752
43 l632988 56 159768 868
44 j465056 1 1020 23
44 j465056 2 2186 39
44 j465056 3 4805 56
44 j465056 4 23248 96
44 j465056 5 3395 17
44 j465056 6 6822 57
44 j465056 7 16667 119
44 j465056 8 5288 33
44 j465056 9 11028 60
44 j465056 10 8715 61
44 j465056 11 21420 114
44 j465056 12 68112 183
44 j465056 13 28801 95
44 j465056 14 38752 312
44 j465056 15 7355 59
44 j465056 16 15640 143
44 j465056 17 27591 98
44 j465056 18 43083 237
44 j465056 19 30257 125
44 j465056 20 24940 103
44 j465056 21 13076 107
44 j465056 22 79882 498
44 j465056 23 114218 740
44 j465056 24 65976 187
44 j465056 25 18625 91
44 j465056 26 24713 186
44 j465056 27 19341 101
44 j465056 28 30184 149
44 j465056 29 23838 145
44 j465056 30 49550 498
44 j465056 31 32209 144
44 j465056 32 177440 1063
44 j465056 33 36663 278
44 j465056 34 51952 410
44 j465056 35 75040 239
44 j465056 36 52716 343
44 j465056 37 32979 150
44 j465056 38 136648 407
44 j465056 39 213018 580
44 j465056 40 41000 212
44 j465056 41 64165 188
44 j465056 42 248430 618
44 j465056 43 26172 154
44 j465056 44 53548 219
44 j465056 45 51772 172
44 j465056 46 157918 419
44 j465056 47 46318 197
44 j465056 48 42320 303
44 j465056 49 91303 301
44 j465056 50 97416 480
44 j465056 51 73338 224
44 j465056 52 290472 1019
44 j465056 53 286942 939
44 j465056 54 93510 329
44 j465056 55 62993 234
44 j465056 56 143668 847
45 i748562 1 1210 19
45 i748562 2 3919 26
45 i748562 3 5126 58
45 i748562 4 4644 40
45 i748562 5 22290 65
45 i748562 6 7908 55
45 i748562 7 7766 62
45 i748562 8 23200 87
45 i748562 9 25623 83
45 i748562 10 12560 83
45 i748562 11 5265 48
45 i748562 12 19824 75
45 i748562 13 9238 41
45 i748562 14 23723 100
45 i748562 15 14782 148
45 i748562 16 71040 215
45 i748562 17 37910 130
45 i748562 18 39213 131
45 i748562 19 13040 123
45 i748562 20 6793 52
45 i748562 21 68271 203
45 i748562 22 65197 343
45 i748562 23 133147 529
45 i748562 24 43848 189
45 i748562 25 36425 128
45 i748562 26 15487 93
45 i748562 27 47925 166
45 i748562 28 40628 129
45 i748562 29 39483 299
45 i748562 30 46560 195
45 i748562 31 25037 173
45 i748562 32 47968 240
45 i748562 33 65868 256
45 i748562 34 27353 268
45 i748562 35 142380 373
45 i748562 36 134208 1125
45 i748562 37 145262 341
45 i748562 38 52858 284
45 i748562 39 25993 142
45 i748562 40 70960 557
45 i748562 41 238128 679
45 i748562 42 113946 317
45 i748562 43 79722 290
45 i748562 44 126654 1081
45 i748562 45 24720 174
45 i748562 46 29900 141
45 i748562 47 268605 2099
45 i748562 48 189168 1083
45 i748562 49 276507 2287
45 i748562 50 52416 316
45 i748562 51 88153 290
45 i748562 52 152984 742
45 i748562 53 116626 355
45 i748562 54 157707 733
45 i748562 55 99495 501
45 i748562 56 30389 164
46 a989920 1 597 18
46 a989920 2 1860 33
46 a989920 3 4765 24
46 a989920 4 2002 40
46 a989920 5 6265 77
46 a989920 6 11487 49
46 a989920 7 6419 45
46 a989920 8 11045 47
46 a989920 9 12708 89
46 a989920 10 10435 102
46 a989920 11 14982 69
46 a989920 12 19374 152
46 a989920 13 10027 60
46 a989920 14 9291 89
46 a989920 15 83520 539
46 a989920 16 34080 174
46 a989920 17 25981 120
46 a989920 18 23922 79
46 a989920 19 21641 230
46 a989920 20 29740 173
46 a989920 21 13219 116
46 a989920 22 34598 324
46 a989920 23 10917 74
46 a989920 24 89304 471
46 a989920 25 43962 146
46 a989920 26 123942 423
46 a989920 27 67068 229
46 a989920 28 18928 109
46 a989920 29 41122 287
46 a989920 30 33480 272
46 a989920 31 31764 137
46 a989920 32 43376 199
46 a989920 33 88770 281
46 a989920 34 66657 329
46 a989920 35 53375 238
46 a989920 36 43824 193
46 a989920 37 219521 1442
46 a989920 38 137560 615
46 a989920 39 53755 183
46 a989920 40 183800 698
46 a989920 41 40528 160
46 a989920 42 66136 199
46 a989920 43 216376 670
46 a989920 44 123640 414
46 a989920 45 83610 449
46 a989920 46 74918 285
46 a989920 47 156181 440
46 a989920 48 112416 315
46 a989920 49 99960 418
46 a989920 50 163400 1078
46 a989920 51 182070 1329
46 a989920 52 45422 382
46 a989920 53 113367 377
46 a989920 54 104238 343
46 a989920 55 118057 773
46 a989920 56 162344 457
47 x289129 1 1060 29
47 x289129 2 2540 24
47 x289129 3 4424 32
47 x289129 4 3422 21
47 x289129 5 6962 39
47 x289129 6 2556 44
47 x289129 7 39060 156
47 x289129 8 20856 86
47 x289129 9 22405 110
47 x289129 10 7943 38
47 x289129 11 16991 79
47 x289129 12 23924 81
47 x289129 13 61919 291
47 x289129 14 23090 114
47 x289129 15 44700 139
47 x289129 16 23832 160
47 x289129 17 9820 129
47 x289129 18 48420 130
47 x289129 19 13509 79
47 x289129 20 30330 270
47 x289129 21 10115 81
47 x289129 22 127578 331
47 x289129 23 27255 120
47 x289129 24 50052 190
47 x289129 25 120125 877
47 x289129 26 38090 135
47 x289129 27 93150 265
47 x289129 28 39172 124
47 x289129 29 19845 111
47 x289129 30 163740 847
47 x289129 31 29222 119
47 x289129 32 44176 443
47 x289129 33 77005 217
47 x289129 34 55567 526
47 x289129 35 188860 592
47 x289129 36 142884 557
47 x289129 37 196063 495
47 x289129 38 89528 257
47 x289129 39 106782 907
47 x289129 40 150920 377
47 x289129 41 64124 293
47 x289129 42 90762 527
47 x289129 43 68950 312
47 x289129 44 79229 234
47 x289129 45 79695 310
47 x289129 46 69598 496
47 x289129 47 79665 248
47 x289129 48 138504 379
47 x289129 49 157486 773
47 x289129 50 108075 291
47 x289129 51 45611 191
47 x289129 52 89353 815
47 x289129 53 128604 611
47 x289129 54 145611 559
47 x289129 55 54890 534
47 x289129 56 158928 1467
48 i894610 1 1436 14
48 i894610 2 11018 58
48 i894610 3 10887 71
48 i894610 4 6836 37
48 i894610 5 6121 58
48 i894610 6 18366 67
48 i894610 7 4139 48
48 i894610 8 5722 59
48 i894610 9 12669 71
48 i894610 10 19743 143
48 i894610 11 22000 63
48 i894610 12 24864 142
48 i894610 13 13611 53
48 i894610 14 9977 70
48 i894610 15 25820 91
48 i894610 16 44360 242
48 i894610 17 8993 58
48 i894610 18 17358 59
48 i894610 19 29950 209
48 i894610 20 34133 190
48 i894610 21 99498 717
48 i894610 22 69410 309
48 i894610 23 27408 256
48 i894610 24 85224 537
48 i894610 25 46175 132
48 i894610 26 50188 220
48 i894610 27 69187 231
48 i894610 28 109872 418
48 i894610 29 56637 207
48 i894610 30 15490 72
48 i894610 31 29512 211
48 i894610 32 179232 482
48 i894610 33 179091 516
48 i894610 34 50354 193
48 i894610 35 70717 304
48 i894610 36 92664 540
48 i894610 37 72335 253
48 i894610 38 34947 125
48 i894610 39 107406 708
48 i894610 40 98980 358
48 i894610 41 144976 1294
48 i894610 42 30982 138
48 i894610 43 66793 487
48 i894610 44 35904 328
48 i894610 45 97402 659
48 i894610 46 72940 443
48 i894610 47 79007 749
48 i894610 48 90816 390
48 i894610 49 90209 264
48 i894610 50 93600 442
48 i894610 51 132651 566
48 i894610 52 237744 1034
48 i894610 53 136289 457
48 i894610 54 30753 145
48 i894610 55 53148 327
48 i894610 56 159264 555
49 s560816 1 560 26
49 s560816 2 5864 48
49 s560816 3 3108 47
49 s560816 4 3366 40
49 s560816 5 10190 42
49 s560816 6 15228 92
49 s560816 7 20146 164
49 s560816 8 32936 176
49 s560816 9 6594 57
49 s560816 10 18616 129
49 s560816 11 11022 52
49 s560816 12 10312 103
49 s560816 13 11446 76
49 s560816 14 14385 143
49 s560816 15 48750 172
49 s560816 16 13050 138
49 s560816 17 16365 60
49 s560816 18 17358 85
49 s560816 19 106704 384
49 s560816 20 20330 70
49 s560816 21 18515 81
49 s560816 22 53790 494
49 s560816 23 75785 638
49 s560816 24 39000 132
49 s560816 25 57950 286
49 s560816 26 111436 939
49 s560816 27 14634 76
49 s560816 28 41944 216
49 s560816 29 40194 254
49 s560816 30 43575 327
49 s560816 31 41064 250
49 s560816 32 30240 198
49 s560816 33 39545 199
49 s560816 34 20468 196
49 s560816 35 41352 137
49 s560816 36 22452 202
49 s560816 37 33448 174
49 s560816 38 21495 150
49 s560816 39 97227 814
49 s560816 40 58093 202
49 s560816 41 195324 829
49 s560816 42 42945 210
49 s560816 43 253270 625
49 s560816 44 191092 498
49 s560816 45 79530 291
49 s560816 46 57837 234
49 s560816 47 110802 636
49 s560816 48 33344 368
49 s560816 49 89890 428
49 s560816 50 105475 352
49 s560816 51 97155 358
49 s560816 52 68033 323
49 s560816 53 131016 580
49 s560816 54 134325 664
49 s560816 55 298870 911
49 s560816 56 24546 114
50 x997424 1 1008 31
50 x997424 2 2594 30
50 x997424 3 15894 71
50 x997424 4 6733 48
50 x997424 5 22105 85
50 x997424 6 16803 108
50 x997424 7 10265 97
50 x997424 8 17516 55
50 x997424 9 7866 44
50 x997424 10 20415 78
50 x997424 11 14589 64
50 x997424 12 8610 46
50 x997424 13 16939 64
50 x997424 14 5007 52
50 x997424 15 11955 123
50 x997424 16 12517 49
50 x997424 17 6743 60
50 x997424 18 100314 371
50 x997424 19 33592 108
50 x997424 20 14113 72
50 x997424 21 35626 161
50 x997424 22 14146 114
50 x997424 23 119715 695
50 x997424 24 28512 172
50 x997424 25 27358 150
50 x997424 26 36309 134
50 x997424 27 20871 96
50 x997424 28 46461 154
50 x997424 29 53041 329
50 x997424 30 94920 740
50 x997424 31 67766 243
50 x997424 32 46048 171
50 x997424 33 27896 138
50 x997424 34 47243 165
50 x997424 35 103705 329
50 x997424 36 41850 169
50 x997424 37 19240 207
50 x997424 38 50071 197
50 x997424 39 54249 228
50 x997424 40 149080 408
50 x997424 41 72201 352
50 x997424 42 57582 209
50 x997424 43 50697 207
50 x997424 44 121308 513
50 x997424 45 35235 121
50 x997424 46 273654 2498
50 x997424 47 62071 187
50 x997424 48 92256 662
50 x997424 49 71613 398
50 x997424 50 286200 940
50 x997424 51 184671 480
50 x997424 52 203892 537
50 x997424 53 86390 247
50 x997424 54 67284 302
50 x997424 55 92785 740
50 x997424 56 52920 477
51 w611935 1 1259 36
51 w611935 2 3277 40
51 w611935 3 1258 26
51 w611935 4 5592 84
51 w611935 5 10242 98
51 w611935 6 34176 264
51 w611935 7 19313 70
51 w611935 8 13853 53
51 w611935 9 26212 91
51 w611935 10 17213 185
51 w611935 11 35651 224
51 w611935 12 56016 361
51 w611935 13 60853 429
51 w611935 14 15288 127
51 w611935 15 29660 109
51 w611935 16 26106 155
51 w611935 17 24429 130
51 w611935 18 44253 137
51 w611935 19 36898 172
51 w611935 20 33320 109
51 w611935 21 117285 308
51 w611935 22 17490 91
51 w611935 23 29589 113
51 w611935 24 45912 193
51 w611935 25 149450 387
51 w611935 26 34814 134
51 w611935 27 15624 91
51 w611935 28 55328 198
51 w611935 29 69919 229
51 w611935 30 11800 97
51 w611935 31 19819 93
51 w611935 32 12053 82
51 w611935 33 112959 304
51 w611935 34 87244 234
51 w611935 35 94517 407
51 w611935 36 89478 348
51 w611935 37 147112 697
51 w611935 38 189202 493
51 w611935 39 48048 217
51 w611935 40 39160 171
51 w611935 41 47252 289
51 w611935 42 78876 241
51 w611935 43 38026 280
51 w611935 44 79478 354
51 w611935 45 47452 220
51 w611935 46 84793 232
51 w611935 47 42699 157
51 w611935 48 115320 514
51 w611935 49 43120 250
51 w611935 50 20300 131
51 w611935 51 101031 594
51 w611935 52 19656 127
51 w611935 53 307824 2244
51 w611935 54 39636 469
51 w611935 55 99806 290
51 w611935 56 54282 586
52 a884398 1 1185 28
52 a884398 2 1583 21
52 a884398 3 7291 66
52 a884398 4 9584 33
52 a884398 5 5007 49
52 a884398 6 10682 47
52 a884398 7 8897 52
52 a884398 8 9760 55
52 a884398 9 10257 87
52 a884398 10 58840 524
52 a884398 11 43989 111
52 a884398 12 27192 107
52 a884398 13 25259 156
52 a884398 14 37786 198
52 a884398 15 42645 154
52 a884398 16 21912 144
52 a884398 17 20026 115
52 a884398 18 20604 106
52 a884398 19 26239 234
52 a884398 20 60820 267
52 a884398 21 66927 215
52 a884398 22 27272 172
52 a884398 23 76429 215
52 a884398 24 20368 72
52 a884398 25 67075 182
52 a884398 26 22455 210
52 a884398 27 145908 1422
52 a884398 28 141540 417
52 a884398 29 34887 174
52 a884398 30 37560 156
52 a884398 31 57174 293
52 a884398 32 118176 383
52 a884398 33 93439 539
52 a884398 34 56372 222
52 a884398 35 56105 537
52 a884398 36 44658 290
52 a884398 37 14972 108
52 a884398 38 33262 187
52 a884398 39 57915 196
52 a884398 40 49226 202
52 a884398 41 68183 372
52 a884398 42 152166 1056
52 a884398 43 42340 163
52 a884398 44 57684 210
52 a884398 45 236790 1809
52 a884398 46 96738 573
52 a884398 47 249664 975
52 a884398 48 114072 356
52 a884398 49 282044 1503
52 a884398 50 86200 342
52 a884398 51 149353 1106
52 a884398 52 243360 601
52 a884398 53 18550 129
52 a884398 54 31392 229
52 a884398 55 105471 579
52 a884398 56 325752 1438
53 r753959 1 624 9
53 r753959 2 5044 35
53 r753959 3 5865 22
53 r753959 4 6925 60
53 r753959 5 2723 32
53 r753959 6 31704 78
53 r753959 7 7490 50
53 r753959 8 25368 87
53 r753959 9 16104 60
53 r753959 10 33290 240
53 r753959 11 11803 62
53 r753959 12 29244 141
53 r753959 13 55094 148
53 r753959 14 15834 96
53 r753959 15 18360 82
53 r753959 16 85136 233
53 r753959 17 28441 108
53 r753959 18 29196 105
53 r753959 19 29507 326
53 r753959 20 15693 79
53 r753959 21 27531 195
53 r753959 22 22036 154
53 r753959 23 53153 142
53 r753959 24 26304 115
53 r753959 25 13308 105
53 r753959 26 63414 523
53 r753959 27 49347 497
53 r753959 28 71008 216
53 r753959 29 38628 181
53 r753959 30 63840 519
53 r753959 31 50716 229
53 r753959 32 29962 155
53 r753959 33 12166 102
53 r753959 34 63750 254
53 r753959 35 42151 242
53 r753959 36 82098 403
53 r753959 37 76479 294
53 r753959 38 81225 357
53 r753959 39 76401 228
53 r753959 40 63480 303
53 r753959 41 219309 651
53 r753959 42 97461 275
53 r753959 43 35862 166
53 r753959 44 25065 275
53 r753959 45 116100 315
53 r753959 46 270572 812
53 r753959 47 158813 416
53 r753959 48 87552 432
53 r753959 49 240051 573
53 r753959 50 281350 920
53 r753959 51 88366 588
53 r753959 52 26676 161
53 r753959 53 73511 254
53 r753959 54 115263 513
53 r753959 55 68255 379
53 r753959 56 82012 372
54 o680968 1 1075 14
54 o680968 2 5303 21
54 o680968 3 1578 16
54 o680968 4 10478 72
54 o680968 5 7322 37
54 o680968 6 8526 60
54 o680968 7 6582 60
54 o680968 8 15904 70
54 o680968 9 20844 58
54 o680968 10 18323 155
54 o680968 11 9553 44
54 o680968 12 18780 71
54 o680968 13 60593 163
54 o680968 14 63336 258
54 o680968 15 18525 97
54 o680968 16 8341 101
54 o680968 17 40086 266
54 o680968 18 10098 91
54 o680968 19 50046 160
54 o680968 20 7233 79
54 o680968 21 43722 149
54 o680968 22 47883 229
54 o680968 23 107824 376
54 o680968 24 50100 287
54 o680968 25 65800 252
54 o680968 26 28626 248
54 o680968 27 49558 203
54 o680968 28 66920 179
54 o680968 29 57072 186
54 o680968 30 84630 233
54 o680968 31 104563 360
54 o680968 32 49013 286
54 o680968 33 25707 185
54 o680968 34 187918 699
54 o680968 35 49676 526
54 o680968 36 43800 449
54 o680968 37 102545 359
54 o680968 38 205998 632
54 o680968 39 94692 256
54 o680968 40 197160 519
54 o680968 41 34289 212
54 o680968 42 72002 340
54 o680968 43 29068 154
54 o680968 44 191928 490
54 o680968 45 255375 574
54 o680968 46 203412 820
54 o680968 47 72395 392
54 o680968 48 57968 225
54 o680968 49 40441 174
54 o680968 50 252600 1307
54 o680968 51 72267 772
54 o680968 52 20124 222
54 o680968 53 298231 721
54 o680968 54 107946 996
54 o680968 55 154907 1011
54 o680968 56 156968 489
55 w462386 1 1132 21
55 w462386 2 6834 24
55 w462386 3 1534 22
55 w462386 4 9626 58
55 w462386 5 8990 62
55 w462386 6 20028 119
55 w462386 7 19852 129
55 w462386 8 11620 85
55 w462386 9 20178 90
55 w462386 10 14776 90
55 w462386 11 64845 179
55 w462386 12 9570 71
55 w462386 13 22932 99
55 w462386 14 21280 93
55 w462386 15 7415 75
55 w462386 16 25674 258
55 w462386 17 28633 113
55 w462386 18 29196 231
55 w462386 19 38000 118
55 w462386 20 14293 54
55 w462386 21 37033 245
55 w462386 22 67716 349
55 w462386 23 50278 209
55 w462386 24 80184 291
55 w462386 25 88800 315
55 w462386 26 40005 206
55 w462386 27 61897 199
55 w462386 28 81004 218
55 w462386 29 48874 235
55 w462386 30 45510 177
55 w462386 31 46996 154
55 w462386 32 13269 82
55 w462386 33 46299 233
55 w462386 34 70992 189
55 w462386 35 36260 294
55 w462386 36 60462 224
55 w462386 37 71817 233
55 w462386 38 140600 466
55 w462386 39 58461 290
55 w462386 40 26146 108
55 w462386 41 79622 303
55 w462386 42 50232 189
55 w462386 43 106554 849
55 w462386 44 154440 974
55 w462386 45 62955 288
55 w462386 46 71001 463
55 w462386 47 192277 460
55 w462386 48 90768 676
55 w462386 49 24916 180
55 w462386 50 39275 295
55 w462386 51 56049 235
55 w462386 52 45292 183
55 w462386 53 77486 238
55 w462386 54 35406 174
55 w462386 55 102465 495
55 w462386 56 44520 227
56 z409456 1 1098 14
56 z409456 2 3312 39
56 z409456 3 15087 120
56 z409456 4 2213 24
56 z409456 5 28615 98
56 z409456 6 2630 45
56 z409456 7 35735 116
56 z409456 8 35136 106
56 z409456 9 12909 121
56 z409456 10 27790 151
56 z409456 11 40282 334
56 z409456 12 8884 51
56 z409456 13 13910 121
56 z409456 14 13272 56
56 z409456 15 13192 79
56 z409456 16 10576 64
56 z409456 17 88570 330
56 z409456 18 32364 188
56 z409456 19 12806 96
56 z409456 20 11680 87
56 z409456 21 83286 211
56 z409456 22 131868 726
56 z409456 23 39774 319
56 z409456 24 45448 282
56 z409456 25 42850 153
56 z409456 26 56992 316
56 z409456 27 53230 203
56 z409456 28 42952 192
56 z409456 29 67918 233
56 z409456 30 45180 295
56 z409456 31 28726 105
56 z409456 32 59744 413
56 z409456 33 49368 448
56 z409456 34 46682 402
56 z409456 35 33588 267
56 z409456 36 84168 652
56 z409456 37 56227 317
56 z409456 38 105640 566
56 z409456 39 22308 133
56 z409456 40 210800 536
56 z409456 41 22755 219
56 z409456 42 183624 453
56 z409456 43 175139 1170
56 z409456 44 60346 182
56 z409456 45 75390 310
56 z409456 46 52056 389
56 z409456 47 216482 506
56 z409456 48 23552 128
56 z409456 49 30747 124
56 z409456 50 33875 344
56 z409456 51 135201 542
56 z409456 52 77982 238
56 z409456 53 55226 214
56 z409456 54 173448 879
56 z409456 55 48235 247
56 z409456 56 143584 452
57 o770744 1 964 30
57 o770744 2 4743 36
57 o770744 3 4225 23
57 o770744 4 1572 15
57 o770744 5 9458 57
57 o770744 6 27690 86
57 o770744 7 13983 73
57 o770744 8 17324 55
57 o770744 9 35199 152
57 o770744 10 9470 77
57 o770744 11 57233 153
57 o770744 12 11142 69
57 o770744 13 31603 162
57 o770744 14 30114 106
57 o770744 15 15300 85
57 o770744 16 42432 157
57 o770744 17 66453 657
57 o770744 18 26694 155
57 o770744 19 98382 253
57 o770744 20 29140 117
57 o770744 21 29904 120
57 o770744 22 25498 163
57 o770744 23 28428 146
57 o770744 24 48588 401
57 o770744 25 114800 888
57 o770744 26 14534 91
57 o770744 27 30523 145
57 o770744 28 137480 539
57 o770744 29 50759 180
57 o770744 30 34305 225
57 o770744 31 44764 286
57 o770744 32 72064 305
57 o770744 33 42416 357
57 o770744 34 48416 198
57 o770744 35 69043 204
57 o770744 36 42264 151
57 o770744 37 135753 425
57 o770744 38 179778 480
57 o770744 39 41873 343
57 o770744 40 71720 210
57 o770744 41 94894 601
57 o770744 42 75894 486
57 o770744 43 96664 540
57 o770744 44 87626 282
57 o770744 45 127890 716
57 o770744 46 17020 89
57 o770744 47 78803 499
57 o770744 48 34912 189
57 o770744 49 34202 262
57 o770744 50 132125 362
57 o770744 51 66538 365
57 o770744 52 226460 608
57 o770744 53 60579 229
57 o770744 54 172584 446
57 o770744 55 62700 190
57 o770744 56 104692 392
58 g392876 1 1224 19
58 g392876 2 3182 48
58 g392876 3 2465 33
58 g392876 4 5652 57
58 g392876 5 11657 67
58 g392876 6 8966 59
58 g392876 7 16905 70
58 g392876 8 12178 114
58 g392876 9 7956 75
58 g392876 10 7176 61
58 g392876 11 16060 106
58 g392876 12 28176 242
58 g392876 13 9693 57
58 g392876 14 76258 289
58 g392876 15 28470 134
58 g392876 16 25920 190
58 g392876 17 22394 143
58 g392876 18 31653 181
58 g392876 19 79173 212
58 g392876 20 30193 122
58 g392876 21 50127 251
58 g392876 22 32420 219
58 g392876 23 23920 210
58 g392876 24 65280 331
58 g392876 25 47475 156
58 g392876 26 27781 121
58 g392876 27 45643 374
58 g392876 28 18862 113
58 g392876 29 81446 476
58 g392876 30 54150 180
58 g392876 31 44237 155
58 g392876 32 98880 1046
58 g392876 33 117249 357
58 g392876 34 64328 217
58 g392876 35 119140 317
58 g392876 36 172008 718
58 g392876 37 41699 201
58 g392876 38 29196 139
58 g392876 39 152958 891
58 g392876 40 77026 338
58 g392876 41 43829 162
58 g392876 42 224154 1694
58 g392876 43 114939 611
58 g392876 44 91564 300
58 g392876 45 114525 524
58 g392876 46 38655 166
58 g392876 47 108123 389
58 g392876 48 52152 216
58 g392876 49 80997 242
58 g392876 50 136850 378
58 g392876 51 110364 567
58 g392876 52 124956 559
58 g392876 53 120045 456
58 g392876 54 310932 1373
58 g392876 55 84663 297
58 g392876 56 87080 351
59 e584827 1 1466 14
59 e584827 2 5688 48
59 e584827 3 3375 64
59 e584827 4 6620 31
59 e584827 5 20505 119
59 e584827 6 3372 45
59 e584827 7 17605 101
59 e584827 8 23556 100
59 e584827 9 43776 291
59 e584827 10 44090 137
59 e584827 11 13035 93
59 e584827 12 64380 326
59 e584827 13 14118 146
59 e584827 14 7847 39
59 e584827 15 9365 44
59 e584827 16 31912 268
59 e584827 17 28123 145
59 e584827 18 35316 132
59 e584827 19 30837 113
59 e584827 20 116260 433
59 e584827 21 17731 153
59 e584827 22 46244 126
59 e584827 23 38686 127
59 e584827 24 39592 234
59 e584827 25 44700 244
59 e584827 26 12202 116
59 e584827 27 77706 341
59 e584827 28 117180 304
59 e584827 29 46632 163
59 e584827 30 44040 468
59 e584827 31 138694 516
59 e584827 32 48064 440
59 e584827 33 75174 274
59 e584827 34 30668 146
59 e584827 35 40355 307
59 e584827 36 23100 145
59 e584827 37 30932 232
59 e584827 38 149302 687
59 e584827 39 38116 167
59 e584827 40 209960 547
59 e584827 41 102418 511
59 e584827 42 118188 926
59 e584827 43 59153 227
59 e584827 44 186032 682
59 e584827 45 50737 259
59 e584827 46 36869 148
59 e584827 47 55663 293
59 e584827 48 261408 1204
59 e584827 49 32372 157
59 e584827 50 110200 364
59 e584827 51 48654 170
59 e584827 52 62790 365
59 e584827 53 105152 290
59 e584827 54 45306 172
59 e584827 55 32138 170
59 e584827 56 102069 282
60 r693971 1 838 33
60 r693971 2 3021 28
60 r693971 3 2988 45
60 r693971 4 8494 64
60 r693971 5 14965 76
60 r693971 6 9452 93
60 r693971 7 11013 39
60 r693971 8 22828 67
60 r693971 9 12249 80
60 r693971 10 23985 139
60 r693971 11 6622 64
60 r693971 12 53532 221
60 r693971 13 36231 151
60 r693971 14 58800 164
60 r693971 15 83745 719
60 r693971 16 59920 256
60 r693971 17 26021 92
60 r693971 18 25731 109
60 r693971 19 34257 316
60 r693971 20 11020 85
60 r693971 21 41755 116
60 r693971 22 83446 218
60 r693971 23 126638 478
60 r693971 24 30432 133
60 r693971 25 22525 86
60 r693971 26 64389 428
60 r693971 27 69795 263
60 r693971 28 31341 290
60 r693971 29 144101 1234
60 r693971 30 80790 337
60 r693971 31 125178 451
60 r693971 32 61216 562
60 r693971 33 42141 126
60 r693971 34 53640 179
60 r693971 35 162295 973
60 r693971 36 66600 372
60 r693971 37 45732 218
60 r693971 38 19627 139
60 r693971 39 109141 374
60 r693971 40 44480 185
60 r693971 41 106313 1003
60 r693971 42 31878 141
60 r693971 43 202530 810
60 r693971 44 131736 1220
60 r693971 45 41940 276
60 r693971 46 119071 308
60 r693971 47 35265 129
60 r693971 48 107040 409
60 r693971 49 62597 427
60 r693971 50 42950 192
60 r693971 51 67796 296
60 r693971 52 161928 510
60 r693971 53 104374 306
60 r693971 54 62154 318
60 r693971 55 105682 789
60 r693971 56 179648 576
61 a710390 1 1201 33
61 a710390 2 1812 41
61 a710390 3 16734 137
61 a710390 4 23496 79
61 a710390 5 3517 22
61 a710390 6 22062 135
61 a710390 7 29701 95
61 a710390 8 42256 285
61 a710390 9 15879 81
61 a710390 10 40900 210
61 a710390 11 4011 55
61 a710390 12 15180 175
61 a710390 13 25545 100
61 a710390 14 25979 87
61 a710390 15 19230 101
61 a710390 16 16197 191
61 a710390 17 11968 69
61 a710390 18 97254 531
61 a710390 19 10526 73
61 a710390 20 45500 133
61 a710390 21 25326 115
61 a710390 22 24156 111
61 a710390 23 111849 312
61 a710390 24 32800 203
61 a710390 25 49450 156
61 a710390 26 56030 213
61 a710390 27 119610 296
61 a710390 28 76160 343
61 a710390 29 35486 177
61 a710390 30 17700 126
61 a710390 31 91016 714
61 a710390 32 88752 333
61 a710390 33 35959 147
61 a710390 34 42432 328
61 a710390 35 41160 188
61 a710390 36 190368 619
61 a710390 37 31838 220
61 a710390 38 30514 135
61 a710390 39 197730 756
61 a710390 40 239000 2083
61 a710390 41 67240 224
61 a710390 42 80808 231
61 a710390 43 58222 313
61 a710390 44 18436 256
61 a710390 45 38182 140
61 a710390 46 87308 386
61 a710390 47 151998 519
61 a710390 48 116496 906
61 a710390 49 47693 165
61 a710390 50 99383 270
61 a710390 51 109573 415
61 a710390 52 85522 628
61 a710390 53 116812 642
61 a710390 54 161784 423
61 a710390 55 299860 1129
61 a710390 56 59210 262
62 q694456 1 1390 21
62 q694456 2 3378 16
62 q694456 3 5625 46
62 q694456 4 13096 47
62 q694456 5 27320 116
62 q694456 6 13338 120
62 q694456 7 6615 36
62 q694456 8 22200 135
62 q694456 9 34794 155
62 q694456 10 4440 79
62 q694456 11 12193 100
62 q694456 12 16392 69
62 q694456 13 14072 70
62 q694456 14 50540 151
62 q694456 15 26490 186
62 q694456 16 20960 67
62 q694456 17 14291 108
62 q694456 18 39798 175
62 q694456 19 30222 249
62 q694456 20 50220 223
62 q694456 21 27566 86
62 q694456 22 13838 74
62 q694456 23 16882 101
62 q694456 24 99816 278
62 q694456 25 9825 76
62 q694456 26 21398 105
62 q694456 27 32616 265
62 q694456 28 18760 99
62 q694456 29 86884 432
62 q694456 30 38960 152
62 q694456 31 53113 566
62 q694456 32 35808 387
62 q694456 33 12430 123
62 q694456 34 146438 638
62 q694456 35 127435 699
62 q694456 36 29124 157
62 q694456 37 37431 177
62 q694456 38 19038 205
62 q694456 39 69966 263
62 q694456 40 55360 190
62 q694456 41 173307 1068
62 q694456 42 45444 163
62 q694456 43 51965 212
62 q694456 44 115940 903
62 q694456 45 16935 106
62 q694456 46 22724 114
62 q694456 47 30440 164
62 q694456 48 57920 296
62 q694456 49 27587 206
62 q694456 50 136750 745
62 q694456 51 270147 1200
62 q694456 52 98332 313
62 q694456 53 70225 702
62 q694456 54 307368 2182
62 q694456 55 155320 457
62 q694456 56 106148 1117
63 y489786 1 1189 20
63 y489786 2 2918 46
63 y489786 3 4056 33
63 y489786 4 4038 18
63 y489786 5 14740 71
63 y489786 6 9276 77
63 y489786 7 15186 87
63 y489786 8 10244 128
63 y489786 9 14226 81
63 y489786 10 48190 170
63 y489786 11 50083 187
63 y489786 12 13980 71
63 y489786 13 6218 50
63 y489786 14 16520 94
63 y489786 15 16740 111
63 y489786 16 21224 113
63 y489786 17 14611 90
63 y489786 18 25470 122
63 y489786 19 54112 352
63 y489786 20 6666 42
63 y489786 21 39459 217
63 y489786 22 12166 83
63 y489786 23 136804 313
63 y489786 24 51552 169
63 y489786 25 49300 153
63 y489786 26 63466 647
63 y489786 27 15741 108
63 y489786 28 34916 147
63 y489786 29 115739 942
63 y489786 30 42510 159
63 y489786 31 60264 268
63 y489786 32 15904 128
63 y489786 33 173052 475
63 y489786 34 31812 185
63 y489786 35 49105 215
63 y489786 36 139752 336
63 y489786 37 109520 361
63 y489786 38 192926 783
63 y489786 39 162006 664
63 y489786 40 148000 446
63 y489786 41 114882 311
63 y489786 42 32886 134
63 y489786 43 86967 227
63 y489786 44 63052 517
63 y489786 45 132210 761
63 y489786 46 74106 250
63 y489786 47 66520 278
63 y489786 48 61584 194
63 y489786 49 88167 272
63 y489786 50 21616 130
63 y489786 51 187680 769
63 y489786 52 109356 352
63 y489786 53 96460 507
63 y489786 54 88326 365
63 y489786 55 60335 491
63 y489786 56 82992 382
64 o682699 1 634 36
64 o682699 2 1968 17
64 o682699 3 2105 28
64 o682699 4 3158 43
64 o682699 5 7676 53
64 o682699 6 10953 53
64 o682699 7 14861 56
64 o682699 8 14392 63
64 o682699 9 9396 102
64 o682699 10 7096 59
64 o682699 11 6110 52
64 o682699 12 67992 378
64 o682699 13 62816 569
64 o682699 14 56616 601
64 o682699 15 15915 71
64 o682699 16 53600 170
64 o682699 17 40664 211
64 o682699 18 11727 56
64 o682699 19 35371 169
64 o682699 20 86580 398
64 o682699 21 7882 76
64 o682699 22 66968 250
64 o682699 23 115322 295
64 o682699 24 25144 184
64 o682699 25 14308 90
64 o682699 26 22368 84
64 o682699 27 84402 288
64 o682699 28 9865 117
64 o682699 29 52287 165
64 o682699 30 42150 143
64 o682699 31 37572 128
64 o682699 32 171200 427
64 o682699 33 60159 452
64 o682699 34 27540 122
64 o682699 35 58432 498
64 o682699 36 55656 350
64 o682699 37 43493 158
64 o682699 38 47930 153
64 o682699 39 71773 341
64 o682699 40 35173 179
64 o682699 41 29602 119
64 o682699 42 56938 207
64 o682699 43 64242 463
64 o682699 44 29216 153
64 o682699 45 90630 285
64 o682699 46 43991 179
64 o682699 47 116419 530
64 o682699 48 67152 453
64 o682699 49 94913 368
64 o682699 50 51100 484
64 o682699 51 205632 544
64 o682699 52 34424 128
64 o682699 53 142782 529
64 o682699 54 224478 738
64 o682699 55 297825 1801
64 o682699 56 96394 258
65 x510253 1 1249 40
65 x510253 2 9742 53
65 x510253 3 7740 41
65 x510253 4 3382 25
65 x510253 5 14645 93
65 x510253 6 3754 54
65 x510253 7 16457 102
65 x510253 8 10837 56
65 x510253 9 12588 93
65 x510253 10 8383 36
65 x510253 11 28237 225
65 x510253 12 30672 95
65 x510253 13 19530 111
65 x510253 14 21312 147
65 x510253 15 18510 132
65 x510253 16 13306 113
65 x510253 17 20391 232
65 x510253 18 10548 65
65 x510253 19 26384 150
65 x510253 20 52190 176
65 x510253 21 97335 623
65 x510253 22 64020 187
65 x510253 23 22003 120
65 x510253 24 107472 304
65 x510253 25 8625 69
65 x510253 26 90558 878
65 x510253 27 38223 137
65 x510253 28 55944 320
65 x510253 29 59073 289
65 x510253 30 27020 230
65 x510253 31 12534 112
65 x510253 32 69056 324
65 x510253 33 88011 251
65 x510253 34 26202 124
65 x510253 35 89775 279
65 x510253 36 51996 174
65 x510253 37 32430 243
65 x510253 38 185402 644
65 x510253 39 31083 183
65 x510253 40 208400 492
65 x510253 41 119310 306
65 x510253 42 39228 178
65 x510253 43 152220 690
65 x510253 44 203456 836
65 x510253 45 18870 111
65 x510253 46 240672 848
65 x510253 47 90851 306
65 x510253 48 95264 998
65 x510253 49 90870 287
65 x510253 50 20500 222
65 x510253 51 58905 503
65 x510253 52 110630 704
65 x510253 53 262615 1299
65 x510253 54 125172 674
65 x510253 55 276705 722
65 x510253 56 35420 144
66 v766967 1 799 12
66 v766967 2 1270 34
66 v766967 3 2952 27
66 v766967 4 5530 49
66 v766967 5 5332 43
66 v766967 6 10788 126
66 v766967 7 25753 178
66 v766967 8 12901 87
66 v766967 9 14571 63
66 v766967 10 23060 124
66 v766967 11 17160 89
66 v766967 12 27726 108
66 v766967 13 17207 70
66 v766967 14 9277 56
66 v766967 15 33000 110
66 v766967 16 47168 372
66 v766967 17 27829 96
66 v766967 18 19422 132
66 v766967 19 15019 111
66 v766967 20 107720 359
66 v766967 21 18270 98
66 v766967 22 118932 646
66 v766967 23 130939 521
66 v766967 24 52428 339
66 v766967 25 18908 137
66 v766967 26 48914 255
66 v766967 27 14350 112
66 v766967 28 28616 116
66 v766967 29 84680 237
66 v766967 30 69660 216
66 v766967 31 151900 926
66 v766967 32 185440 1233
66 v766967 33 62634 643
66 v766967 34 60678 222
66 v766967 35 170310 446
66 v766967 36 26124 145
66 v766967 37 60248 186
66 v766967 38 52275 190
66 v766967 39 44772 460
66 v766967 40 57880 385
66 v766967 41 14869 102
66 v766967 42 75726 283
66 v766967 43 82280 329
66 v766967 44 16060 141
66 v766967 45 101407 264
66 v766967 46 128087 890
66 v766967 47 105468 278
66 v766967 48 100992 313
66 v766967 49 176547 1171
66 v766967 50 294850 960
66 v766967 51 78081 396
66 v766967 52 244192 560
66 v766967 53 50915 278
66 v766967 54 119880 704
66 v766967 55 124245 657
66 v766967 56 45397 261
67 l403212 1 553 16
67 l403212 2 3110 40
67 l403212 3 1013 32
67 l403212 4 4962 71
67 l403212 5 28190 209
67 l403212 6 20994 150
67 l403212 7 25277 99
67 l403212 8 5797 25
67 l403212 9 12307 91
67 l403212 10 13900 59
67 l403212 11 19129 150
67 l403212 12 18552 191
67 l403212 13 20349 244
67 l403212 14 20664 93
67 l403212 15 27840 193
67 l403212 16 61488 475
67 l403212 17 28679 170
67 l403212 18 27744 126
67 l403212 19 33012 127
67 l403212 20 32986 129
67 l403212 21 15949 77
67 l403212 22 111342 285
67 l403212 23 22524 146
67 l403212 24 53784 303
67 l403212 25 64025 248
67 l403212 26 42908 349
67 l403212 27 50814 169
67 l403212 28 11480 122
67 l403212 29 79068 401
67 l403212 30 36030 184
67 l403212 31 62093 317
67 l403212 32 175360 786
67 l403212 33 96277 270
67 l403212 34 32322 242
67 l403212 35 57120 200
67 l403212 36 87570 363
67 l403212 37 40219 145
67 l403212 38 136800 418
67 l403212 39 47905 187
67 l403212 40 41920 223
67 l403212 41 167116 870
67 l403212 42 88179 457
67 l403212 43 210614 654
67 l403212 44 152724 1339
67 l403212 45 36270 150
67 l403212 46 135309 444
67 l403212 47 123163 465
67 l403212 48 26016 175
67 l403212 49 26084 154
67 l403212 50 91350 445
67 l403212 51 231846 2034
67 l403212 52 122200 531
67 l403212 53 141457 515
67 l403212 54 47682 282
67 l403212 55 301730 1978
67 l403212 56 126448 365
68 g630319 1 884 14
68 g630319 2 6742 43
68 g630319 3 10335 50
68 g630319 4 6097 40
68 g630319 5 4571 66
68 g630319 6 20982 103
68 g630319 7 29456 109
68 g630319 8 6706 57
68 g630319 9 6646 60
68 g630319 10 18803 101
68 g630319 11 13271 103
68 g630319 12 8960 76
68 g630319 13 22399 145
68 g630319 14 27265 153
68 g630319 15 83415 316
68 g630319 16 11498 134
68 g630319 17 79968 599
68 g630319 18 10917 59
68 g630319 19 6434 60
68 g630319 20 29010 117
68 g630319 21 37264 133
68 g630319 22 34496 119
68 g630319 23 58995 236
68 g630319 24 40560 232
68 g630319 25 30587 193
68 g630319 26 139126 660
68 g630319 27 76275 616
68 g630319 28 31845 318
68 g630319 29 17235 101
68 g630319 30 36165 137
68 g630319 31 85947 242
68 g630319 32 44650 235
68 g630319 33 41712 178
68 g630319 34 29733 102
68 g630319 35 53585 224
68 g630319 36 203760 693
68 g630319 37 151922 661
68 g630319 38 196460 454
68 g630319 39 40222 245
68 g630319 40 32653 156
68 g630319 41 43706 158
68 g630319 42 52584 463
68 g630319 43 117712 295
68 g630319 44 134772 359
68 g630319 45 45135 210
68 g630319 46 79472 328
68 g630319 47 226258 1091
68 g630319 48 42720 165
68 g630319 49 139331 417
68 g630319 50 246650 897
68 g630319 51 228939 809
68 g630319 52 46644 457
68 g630319 53 110664 689
68 g630319 54 229392 883
68 g630319 55 181005 693
68 g630319 56 46200 158
69 e467510 1 1123 29
69 e467510 2 1055 41
69 e467510 3 15519 156
69 e467510 4 9448 46
69 e467510 5 6138 32
69 e467510 6 15123 92
69 e467510 7 10731 58
69 e467510 8 19604 90
69 e467510 9 5967 44
69 e467510 10 25130 89
69 e467510 11 7568 45
69 e467510 12 20292 103
69 e467510 13 36881 257
69 e467510 14 33614 108
69 e467510 15 30840 93
69 e467510 16 74016 189
69 e467510 17 29461 122
69 e467510 18 64116 234
69 e467510 19 36176 136
69 e467510 20 19890 87
69 e467510 21 36802 264
69 e467510 22 16580 84
69 e467510 23 51232 506
69 e467510 24 67272 262
69 e467510 25 45850 177
69 e467510 26 19097 182
69 e467510 27 11610 80
69 e467510 28 73752 409
69 e467510 29 40716 143
69 e467510 30 59550 275
69 e467510 31 41829 254
69 e467510 32 60320 421
69 e467510 33 136587 629
69 e467510 34 94996 282
69 e467510 35 168980 844
69 e467510 36 94428 256
69 e467510 37 54242 556
69 e467510 38 59470 345
69 e467510 39 44590 260
69 e467510 40 64300 222
69 e467510 41 235996 604
69 e467510 42 41286 155
69 e467510 43 17959 115
69 e467510 44 90112 256
69 e467510 45 111330 830
69 e467510 46 88212 496
69 e467510 47 65909 403
69 e467510 48 151920 479
69 e467510 49 28926 127
69 e467510 50 190900 1423
69 e467510 51 97716 492
69 e467510 52 130780 492
69 e467510 53 92697 840
69 e467510 54 130599 1020
69 e467510 55 22091 211
69 e467510 56 91896 382
70 h126816 1 1156 36
70 h126816 2 1278 39
70 h126816 3 1680 29
70 h126816 4 11734 47
70 h126816 5 18385 59
70 h126816 6 9116 54
70 h126816 7 8074 81
70 h126816 8 6760 70
70 h126816 9 19332 114
70 h126816 10 11510 51
70 h126816 11 18289 53
70 h126816 12 17324 101
70 h126816 13 43745 175
70 h126816 14 14770 94
70 h126816 15 34912 113
70 h126816 16 12933 82
70 h126816 17 28497 151
70 h126816 18 17442 101
70 h126816 19 37259 116
70 h126816 20 93300 513
70 h126816 21 10930 73
70 h126816 22 26260 156
70 h126816 23 45977 193
70 h126816 24 33304 182
70 h126816 25 31000 145
70 h126816 26 51809 391
70 h126816 27 154629 1081
70 h126816 28 51006 163
70 h126816 29 22402 100
70 h126816 30 53330 289
70 h126816 31 31403 189
70 h126816 32 17397 117
70 h126816 33 57871 172
70 h126816 34 50478 190
70 h126816 35 13591 123
70 h126816 36 124776 327
70 h126816 37 24814 137
70 h126816 38 67158 230
70 h126816 39 14352 94
70 h126816 40 77360 291
70 h126816 41 36736 141
70 h126816 42 53270 186
70 h126816 43 25284 173
70 h126816 44 176880 804
70 h126816 45 105615 523
70 h126816 46 63043 181
70 h126816 47 53345 181
70 h126816 48 83688 308
70 h126816 49 76807 237
70 h126816 50 135050 394
70 h126816 51 199104 1170
70 h126816 52 94536 565
70 h126816 53 241839 869
70 h126816 54 219564 703
70 h126816 55 65477 468
70 h126816 56 67592 309
71 g604415 1 1358 14
71 g604415 2 7900 61
71 g604415 3 1418 40
71 g604415 4 3262 40
71 g604415 5 1706 27
71 g604415 6 4496 51
71 g604415 7 7686 42
71 g604415 8 15128 93
71 g604415 9 19269 202
71 g604415 10 49620 159
71 g604415 11 27065 95
71 g604415 12 10540 118
71 g604415 13 11916 64
71 g604415 14 7896 77
71 g604415 15 71715 229
71 g604415 16 19072 121
71 g604415 17 18572 217
71 g604415 18 39303 165
71 g604415 19 54606 150
71 g604415 20 94040 323
71 g604415 21 17283 72
71 g604415 22 46970 412
71 g604415 23 15072 195
71 g604415 24 102312 683
71 g604415 25 53875 258
71 g604415 26 83590 293
71 g604415 27 140913 364
71 g604415 28 167636 774
71 g604415 29 28101 175
71 g604415 30 37230 142
71 g604415 31 20315 135
71 g604415 32 70336 205
71 g604415 33 39781 133
71 g604415 34 61551 426
71 g604415 35 204995 990
71 g604415 36 65964 392
71 g604415 37 88929 784
71 g604415 38 178182 495
71 g604415 39 42685 208
71 g604415 40 224560 1134
71 g604415 41 222015 582
71 g604415 42 91056 415
71 g604415 43 70219 299
71 g604415 44 70224 218
71 g604415 45 117450 473
71 g604415 46 84916 441
71 g604415 47 116513 545
71 g604415 48 99288 294
71 g604415 49 70021 349
71 g604415 50 74800 286
71 g604415 51 117810 418
71 g604415 52 139438 445
71 g604415 53 313495 2981
71 g604415 54 20934 147
71 g604415 55 30653 229
71 g604415 56 152516 1317
72 d419661 1 1142 23
72 d419661 2 5687 53
72 d419661 3 1024 13
72 d419661 4 16012 70
72 d419661 5 11782 92
72 d419661 6 7512 43
72 d419661 7 5651 57
72 d419661 8 36816 115
72 d419661 9 34884 139
72 d419661 10 11350 54
72 d419661 11 52228 177
72 d419661 12 8358 57
72 d419661 13 22888 109
72 d419661 14 71624 724
72 d419661 15 15720 90
72 d419661 16 43384 231
72 d419661 17 40800 158
72 d419661 18 14538 101
72 d419661 19 46968 189
72 d419661 20 79500 224
72 d419661 21 35497 122
72 d419661 22 54659 399
72 d419661 23 10986 146
72 d419661 24 46720 144
72 d419661 25 21262 81
72 d419661 26 45578 192
72 d419661 27 145962 444
72 d419661 28 32778 157
72 d419661 29 59696 302
72 d419661 30 25640 107
72 d419661 31 173941 658
72 d419661 32 44800 172
72 d419661 33 58030 248
72 d419661 34 27766 138
72 d419661 35 40635 360
72 d419661 36 103680 481
72 d419661 37 50523 394
72 d419661 38 32591 138
72 d419661 39 104364 325
72 d419661 40 73040 500
72 d419661 41 21279 99
72 d419661 42 81046 295
72 d419661 43 210485 553
72 d419661 44 27734 157
72 d419661 45 86430 565
72 d419661 46 31372 343
72 d419661 47 54614 219
72 d419661 48 17232 115
72 d419661 49 39175 196
72 d419661 50 42625 411
72 d419661 51 211293 2156
72 d419661 52 241956 685
72 d419661 53 44838 189
72 d419661 54 291006 830
72 d419661 55 204160 706
72 d419661 56 39965 169
73 g261763 1 1398 23
73 g261763 2 4842 62
73 g261763 3 3217 41
73 g261763 4 7802 38
73 g261763 5 22405 175
73 g261763 6 5210 53
73 g261763 7 15116 59
73 g261763 8 3650 50
73 g261763 9 4407 76
73 g261763 10 16215 114
73 g261763 11 32483 106
73 g261763 12 58644 191
73 g261763 13 22444 129
73 g261763 14 14513 78
73 g261763 15 81765 235
73 g261763 16 69328 355
73 g261763 17 30243 177
73 g261763 18 23994 237
73 g261763 19 36233 163
73 g261763 20 115320 1039
73 g261763 21 10563 103
73 g261763 22 7340 80
73 g261763 23 36899 132
73 g261763 24 82200 795
73 g261763 25 45225 186
73 g261763 26 51090 332
73 g261763 27 21528 236
73 g261763 28 14485 171
73 g261763 29 39338 267
73 g261763 30 176610 1185
73 g261763 31 70277 189
73 g261763 32 51472 214
73 g261763 33 93208 267
73 g261763 34 35960 138
73 g261763 35 49443 288
73 g261763 36 50352 338
73 g261763 37 199356 570
73 g261763 38 54872 186
73 g261763 39 31590 139
73 g261763 40 73546 274
73 g261763 41 76875 433
73 g261763 42 54922 339
73 g261763 43 90751 475
73 g261763 44 188188 1301
73 g261763 45 52365 298
73 g261763 46 98233 710
73 g261763 47 110144 1036
73 g261763 48 68848 234
73 g261763 49 189630 1063
73 g261763 50 89983 558
73 g261763 51 50541 242
73 g261763 52 144820 1062
73 g261763 53 48309 203
73 g261763 54 78300 362
73 g261763 55 149847 606
73 g261763 56 71120 297
74 l265469 1 1078 28
74 l265469 2 5427 36
74 l265469 3 13092 39
74 l265469 4 8984 34
74 l265469 5 8270 50
74 l265469 6 2968 20
74 l265469 7 6524 42
74 l265469 8 12802 55
74 l265469 9 24993 116
74 l265469 10 13415 80
74 l265469 11 11971 90
74 l265469 12 34026 93
74 l265469 13 9893 65
74 l265469 14 26537 222
74 l265469 15 21600 84
74 l265469 16 41168 153
74 l265469 17 37391 167
74 l265469 18 102672 409
74 l265469 19 49476 169
74 l265469 20 41980 441
74 l265469 21 103614 470
74 l265469 22 10090 83
74 l265469 23 87630 263
74 l265469 24 30192 107
74 l265469 25 11716 88
74 l265469 26 56524 170
74 l265469 27 126279 365
74 l265469 28 53900 246
74 l265469 29 73370 424
74 l265469 30 29655 284
74 l265469 31 41059 199
74 l265469 32 23818 158
74 l265469 33 54334 172
74 l265469 34 35292 286
74 l265469 35 83615 246
74 l265469 36 88290 330
74 l265469 37 18500 105
74 l265469 38 89053 501
74 l265469 39 45383 263
74 l265469 40 67800 193
74 l265469 41 120663 361
74 l265469 42 75516 241
74 l265469 43 52997 207
74 l265469 44 244508 1269
74 l265469 45 84645 369
74 l265469 46 28198 134
74 l265469 47 43780 208
74 l265469 48 140160 925
74 l265469 49 69384 256
74 l265469 50 67675 216
74 l265469 51 114444 553
74 l265469 52 105456 406
74 l265469 53 218095 1084
74 l265469 54 45864 163
74 l265469 55 154990 701
74 l265469 56 74069 372
75 d805972 1 1190 33
75 d805972 2 1523 16
75 d805972 3 4054 48
75 d805972 4 4970 46
75 d805972 5 27335 129
75 d805972 6 23550 128
75 d805972 7 7200 33
75 d805972 8 3832 51
75 d805972 9 9643 41
75 d805972 10 10486 105
75 d805972 11 17970 65
75 d805972 12 25974 106
75 d805972 13 33930 169
75 d805972 14 28588 94
75 d805972 15 34732 99
75 d805972 16 29872 106
75 d805972 17 54043 547
75 d805972 18 40491 171
75 d805972 19 36337 303
75 d805972 20 25246 116
75 d805972 21 24206 145
75 d805972 22 36549 205
75 d805972 23 25415 210
75 d805972 24 59664 292
75 d805972 25 14216 137
75 d805972 26 10365 104
75 d805972 27 26041 95
75 d805972 28 75054 604
75 d805972 29 171216 677
75 d805972 30 63555 240
75 d805972 31 52348 198
75 d805972 32 33450 135
75 d805972 33 165429 685
75 d805972 34 29036 114
75 d805972 35 115640 726
75 d805972 36 91764 615
75 d805972 37 63529 194
75 d805972 38 94620 718
75 d805972 39 93112 353
75 d805972 40 46426 321
75 d805972 41 90302 496
75 d805972 42 214914 482
75 d805972 43 62457 223
75 d805972 44 15620 83
75 d805972 45 84795 298
75 d805972 46 82140 269
75 d805972 47 133527 472
75 d805972 48 38064 184
75 d805972 49 51335 181
75 d805972 50 70100 537
75 d805972 51 113067 600
75 d805972 52 303784 1155
75 d805972 53 169706 597
75 d805972 54 232578 544
75 d805972 55 63057 294
75 d805972 56 105588 312
76 k884554 1 1286 9
76 k884554 2 5666 35
76 k884554 3 8922 57
76 k884554 4 21016 92
76 k884554 5 13850 97
76 k884554 6 4070 29
76 k884554 7 23912 149
76 k884554 8 23956 172
76 k884554 9 48969 244
76 k884554 10 16840 120
76 k884554 11 5868 34
76 k884554 12 18312 186
76 k884554 13 13013 73
76 k884554 14 23305 135
76 k884554 15 24425 137
76 k884554 16 79008 285
76 k884554 17 63988 179
76 k884554 18 35046 146
76 k884554 19 33734 140
76 k884554 20 50400 179
76 k884554 21 40810 306
76 k884554 22 49148 177
76 k884554 23 15605 142
76 k884554 24 30848 113
76 k884554 25 45562 144
76 k884554 26 81848 242
76 k884554 27 25650 95
76 k884554 28 120456 379
76 k884554 29 42644 256
76 k884554 30 77610 211
76 k884554 31 23405 241
76 k884554 32 65536 218
76 k884554 33 59944 268
76 k884554 34 28237 112
76 k884554 35 146230 741
76 k884554 36 36924 208
76 k884554 37 87505 302
76 k884554 38 165756 1568
76 k884554 39 36465 124
76 k884554 40 115600 367
76 k884554 41 35342 256
76 k884554 42 35966 236
76 k884554 43 109069 793
76 k884554 44 129712 1007
76 k884554 45 47317 202
76 k884554 46 56810 224
76 k884554 47 138039 372
76 k884554 48 180576 690
76 k884554 49 33908 138
76 k884554 50 231900 956
76 k884554 51 127551 351
76 k884554 52 93756 510
76 k884554 53 150043 1434
76 k884554 54 79362 234
76 k884554 55 162992 568
76 k884554 56 61637 492
77 w665038 1 1198 37
77 w665038 2 1008 40
77 w665038 3 14148 110
77 w665038 4 5250 80
77 w665038 5 3655 18
77 w665038 6 8450 42
77 w665038 7 5758 37
77 w665038 8 20288 69
77 w665038 9 22752 169
77 w665038 10 14460 76
77 w665038 11 14303 86
77 w665038 12 11394 102
77 w665038 13 23382 93
77 w665038 14 36890 285
77 w665038 15 60705 517
77 w665038 16 56848 223
77 w665038 17 7242 72
77 w665038 18 18960 115
77 w665038 19 27898 139
77 w665038 20 13266 105
77 w665038 21 21070 95
77 w665038 22 42724 144
77 w665038 23 17211 103
77 w665038 24 47148 204
77 w665038 25 147400 467
77 w665038 26 129038 562
77 w665038 27 46966 139
77 w665038 28 42373 143
77 w665038 29 45167 283
77 w665038 30 156930 975
77 w665038 31 29315 207
77 w665038 32 33824 152
77 w665038 33 13937 103
77 w665038 34 176256 537
77 w665038 35 93030 345
77 w665038 36 16656 123
77 w665038 37 35803 123
77 w665038 38 28139 129
77 w665038 39 19500 119
77 w665038 40 72360 524
77 w665038 41 147190 438
77 w665038 42 44198 217
77 w665038 43 118852 311
77 w665038 44 103048 459
77 w665038 45 224775 1734
77 w665038 46 156032 1573
77 w665038 47 27189 129
77 w665038 48 37216 151
77 w665038 49 43789 369
77 w665038 50 50250 203
77 w665038 51 76262 257
77 w665038 52 38740 150
77 w665038 53 37948 368
77 w665038 54 97713 327
77 w665038 55 92042 659
77 w665038 56 44212 322
78 f736228 1 1184 11
78 f736228 2 5875 31
78 f736228 3 6123 35
78 f736228 4 18636 118
78 f736228 5 6248 57
78 f736228 6 9261 35
78 f736228 7 6083 59
78 f736228 8 9928 47
78 f736228 9 41778 127
78 f736228 10 23760 76
78 f736228 11 6882 62
78 f736228 12 7782 45
78 f736228 13 13903 71
78 f736228 14 12320 66
78 f736228 15 29595 189
78 f736228 16 23216 124
78 f736228 17 12580 67
78 f736228 18 37098 177
78 f736228 19 46056 142
78 f736228 20 10806 76
78 f736228 21 34923 185
78 f736228 22 24222 99
78 f736228 23 28090 200
78 f736228 24 52764 376
78 f736228 25 32233 292
78 f736228 26 125606 382
78 f736228 27 49230 186
78 f736228 28 24621 128
78 f736228 29 80939 312
78 f736228 30 51810 379
78 f736228 31 18796 98
78 f736228 32 33760 156
78 f736228 33 107151 280
78 f736228 34 21148 112
78 f736228 35 50668 213
78 f736228 36 164520 560
78 f736228 37 19702 138
78 f736228 38 174990 495
78 f736228 39 24583 245
78 f736228 40 49906 472
78 f736228 41 55104 235
78 f736228 42 83790 456
78 f736228 43 44161 333
78 f736228 44 130768 480
78 f736228 45 206955 1468
78 f736228 46 111320 509
78 f736228 47 52687 260
78 f736228 48 65696 458
78 f736228 49 193305 898
78 f736228 50 128150 343
78 f736228 51 121635 468
78 f736228 52 26537 180
78 f736228 53 41313 313
78 f736228 54 39690 192
78 f736228 55 97496 385
78 f736228 56 22530 119
79 t811677 1 1377 12
79 t811677 2 1077 27
79 t811677 3 2746 36
79 t811677 4 22044 64
79 t811677 5 13945 93
79 t811677 6 6627 53
79 t811677 7 3173 28
79 t811677 8 12552 93
79 t811677 9 11625 114
79 t811677 10 11933 50
79 t811677 11 13464 65
79 t811677 12 27240 140
79 t811677 13 15678 86
79 t811677 14 31339 122
79 t811677 15 64635 219
79 t811677 16 15376 65
79 t811677 17 23392 97
79 t811677 18 22476 85
79 t811677 19 36087 190
79 t811677 20 103420 1049
79 t811677 21 51313 354
79 t811677 22 11821 91
79 t811677 23 17123 84
79 t811677 24 110976 302
79 t811677 25 18433 158
79 t811677 26 50630 179
79 t811677 27 40644 171
79 t811677 28 67564 191
79 t811677 29 12054 157
79 t811677 30 81945 490
79 t811677 31 29140 156
79 t811677 32 148768 473
79 t811677 33 136224 411
79 t811677 34 26667 244
79 t811677 35 25672 261
79 t811677 36 103572 451
79 t811677 37 21904 149
79 t811677 38 223934 637
79 t811677 39 44122 224
79 t811677 40 19426 130
79 t811677 41 203442 572
79 t811677 42 22386 116
79 t811677 43 26330 157
79 t811677 44 240900 1168
79 t811677 45 209340 788
79 t811677 46 238004 544
79 t811677 47 63097 320
79 t811677 48 173280 1393
79 t811677 49 73843 683
79 t811677 50 167900 818
79 t811677 51 123114 349
79 t811677 52 136266 804
79 t811677 53 43460 257
79 t811677 54 133515 613
79 t811677 55 90667 321
79 t811677 56 290976 2877
80 c277551 1 1250 36
80 c277551 2 2488 49
80 c277551 3 12984 49
80 c277551 4 9276 68
80 c277551 5 2696 34
80 c277551 6 33594 157
80 c277551 7 8778 36
80 c277551 8 11816 41
80 c277551 9 10260 61
80 c277551 10 11496 64
80 c277551 11 29458 134
80 c277551 12 53316 264
80 c277551 13 63570 304
80 c277551 14 8003 58
80 c277551 15 21930 149
80 c277551 16 7125 54
80 c277551 17 43282 174
80 c277551 18 35757 128
80 c277551 19 13442 86
80 c277551 20 16560 96
80 c277551 21 54495 188
80 c277551 22 46552 177
80 c277551 23 55798 174
80 c277551 24 38724 153
80 c277551 25 44075 198
80 c277551 26 109590 585
80 c277551 27 63288 278
80 c277551 28 153132 411
80 c277551 29 15863 121
80 c277551 30 58275 218
80 c277551 31 55386 197
80 c277551 32 75456 249
80 c277551 33 26944 293
80 c277551 34 154768 979
80 c277551 35 51345 163
80 c277551 36 29964 150
80 c277551 37 112665 399
80 c277551 38 29583 129
80 c277551 39 48516 295
80 c277551 40 207120 596
80 c277551 41 42681 225
80 c277551 42 81900 273
80 c277551 43 28917 143
80 c277551 44 217844 614
80 c277551 45 225585 855
80 c277551 46 39820 172
80 c277551 47 26696 131
80 c277551 48 87432 264
80 c277551 49 56399 485
80 c277551 50 27150 145
80 c277551 51 80121 249
80 c277551 52 64636 289
80 c277551 53 45633 336
80 c277551 54 32265 239
80 c277551 55 60720 334
80 c277551 56 93464 420
81 n373823 1 1202 17
81 n373823 2 2387 30
81 n373823 3 5907 42
81 n373823 4 5268 39
81 n373823 5 14617 49
81 n373823 6 17769 81
81 n373823 7 10696 94
81 n373823 8 11564 51
81 n373823 9 47925 362
81 n373823 10 5355 48
81 n373823 11 18799 86
81 n373823 12 14492 53
81 n373823 13 6508 44
81 n373823 14 39130 177
81 n373823 15 17775 122
81 n373823 16 19096 105
81 n373823 17 30475 115
81 n373823 18 60066 557
81 n373823 19 31882 121
81 n373823 20 20120 72
81 n373823 21 121128 764
81 n373823 22 51370 208
81 n373823 23 51773 157
81 n373823 24 27672 134
81 n373823 25 12191 70
81 n373823 26 51974 260
81 n373823 27 60250 480
81 n373823 28 74522 546
81 n373823 29 153526 647
81 n373823 30 100020 275
81 n373823 31 27445 115
81 n373823 32 118368 626
81 n373823 33 167310 510
81 n373823 34 100776 334
81 n373823 35 99627 415
81 n373823 36 108972 417
81 n373823 37 186887 556
81 n373823 38 128212 698
81 n373823 39 13078 73
81 n373823 40 73480 203
81 n373823 41 60700 196
81 n373823 42 198492 608
81 n373823 43 64091 266
81 n373823 44 47080 223
81 n373823 45 80535 444
81 n373823 46 16345 96
81 n373823 47 95974 475
81 n373823 48 186816 496
81 n373823 49 53189 189
81 n373823 50 73750 395
81 n373823 51 166413 473
81 n373823 52 48438 228
81 n373823 53 77804 226
81 n373823 54 78327 284
81 n373823 55 47245 418
81 n373823 56 138320 387
82 n315590 1 795 34
82 n315590 2 4616 31
82 n315590 3 10479 50
82 n315590 4 3233 32
82 n315590 5 4575 48
82 n315590 6 19728 123
82 n315590 7 9940 50
82 n315590 8 41760 169
82 n315590 9 42759 260
82 n315590 10 14960 107
82 n315590 11 20570 124
82 n315590 12 7664 66
82 n315590 13 31668 114
82 n315590 14 10462 44
82 n315590 15 27085 103
82 n315590 16 32928 134
82 n315590 17 31603 311
82 n315590 18 53784 188
82 n315590 19 98382 361
82 n315590 20 77420 321
82 n315590 21 79842 632
82 n315590 22 42621 333
82 n315590 23 29532 189
82 n315590 24 25288 117
82 n315590 25 9816 59
82 n315590 26 114582 386
82 n315590 27 63153 331
82 n315590 28 51772 184
82 n315590 29 57101 457
82 n315590 30 32760 222
82 n315590 31 27528 237
82 n315590 32 92320 268
82 n315590 33 92235 562
82 n315590 34 23074 198
82 n315590 35 47425 302
82 n315590 36 55200 188
82 n315590 37 133237 671
82 n315590 38 30007 141
82 n315590 39 40170 233
82 n315590 40 133400 346
82 n315590 41 60844 477
82 n315590 42 24360 115
82 n315590 43 77815 232
82 n315590 44 58813 229
82 n315590 45 51817 324
82 n315590 46 132089 363
82 n315590 47 32931 218
82 n315590 48 95208 488
82 n315590 49 73140 279
82 n315590 50 50316 339
82 n315590 51 77061 257
82 n315590 52 38861 144
82 n315590 53 85418 241
82 n315590 54 49626 191
82 n315590 55 128920 1113
82 n315590 56 34048 164
83 c338234 1 1088 33
83 c338234 2 6292 49
83 c338234 3 14226 70
83 c338234 4 6000 56
83 c338234 5 8290 69
83 c338234 6 20688 101
83 c338234 7 27097 96
83 c338234 8 6200 40
83 c338234 9 11859 127
83 c338234 10 40520 136
83 c338234 11 39028 119
83 c338234 12 9800 65
83 c338234 13 33455 128
83 c338234 14 39998 252
83 c338234 15 21150 111
83 c338234 16 18808 200
83 c338234 17 19691 76
83 c338234 18 42480 178
83 c338234 19 56667 277
83 c338234 20 41520 160
83 c338234 21 9268 48
83 c338234 22 11341 128
83 c338234 23 21102 197
83 c338234 24 71280 232
83 c338234 25 23866 101
83 c338234 26 72566 363
83 c338234 27 74493 205
83 c338234 28 117180 479
83 c338234 29 69832 279
83 c338234 30 27240 105
83 c338234 31 50912 289
83 c338234 32 62944 188
83 c338234 33 74118 378
83 c338234 34 78234 551
83 c338234 35 22038 118
83 c338234 36 63864 599
83 c338234 37 200799 857
83 c338234 38 24814 110
83 c338234 39 221715 1260
83 c338234 40 72906 280
83 c338234 41 110269 285
83 c338234 42 73444 216
83 c338234 43 117132 675
83 c338234 44 28600 297
83 c338234 45 136215 589
83 c338234 46 41185 156
83 c338234 47 43169 154
83 c338234 48 94656 257
83 c338234 49 49000 211
83 c338234 50 99025 689
83 c338234 51 122502 1162
83 c338234 52 179972 1816
83 c338234 53 104251 561
83 c338234 54 32526 140
83 c338234 55 112640 900
83 c338234 56 121184 407
84 a213303 1 623 20
84 a213303 2 3660 28
84 a213303 3 3565 34
84 a213303 4 10482 64
84 a213303 5 12815 86
84 a213303 6 19836 106
84 a213303 7 8718 58
84 a213303 8 5092 38
84 a213303 9 16686 156
84 a213303 10 15960 89
84 a213303 11 27951 129
84 a213303 12 14612 171
84 a213303 13 19461 168
84 a213303 14 19254 88
84 a213303 15 12480 67
84 a213303 16 25194 108
84 a213303 17 45645 279
84 a213303 18 15930 80
84 a213303 19 67355 183
84 a213303 20 96240 246
84 a213303 21 25984 120
84 a213303 22 59070 216
84 a213303 23 69069 407
84 a213303 24 28928 291
84 a213303 25 57512 207
84 a213303 26 94328 713
84 a213303 27 48843 174
84 a213303 28 71638 183
84 a213303 29 74704 530
84 a213303 30 38490 142
84 a213303 31 170407 573
84 a213303 32 95840 420
84 a213303 33 38346 276
84 a213303 34 58293 316
84 a213303 35 48125 173
84 a213303 36 104364 339
84 a213303 37 216672 499
84 a213303 38 57304 185
84 a213303 39 23497 155
84 a213303 40 67160 301
84 a213303 41 30640 123
84 a213303 42 64113 388
84 a213303 43 45537 167
84 a213303 44 32692 193
84 a213303 45 104962 734
84 a213303 46 123418 441
84 a213303 47 63168 291
84 a213303 48 46048 205
84 a213303 49 52021 278
84 a213303 50 18466 124
84 a213303 51 211701 1070
84 a213303 52 192244 1062
84 a213303 53 110134 344
84 a213303 54 160218 585
84 a213303 55 94710 688
84 a213303 56 108808 301
85 y394344 1 1063 40
85 y394344 2 2902 25
85 y394344 3 1984 21
85 y394344 4 7316 54
85 y394344 5 6570 45
85 y394344 6 6400 34
85 y394344 7 17857 67
85 y394344 8 4708 39
85 y394344 9 3063 25
85 y394344 10 43680 157
85 y394344 11 40117 352
85 y394344 12 26064 103
85 y394344 13 12129 57
85 y394344 14 15792 81
85 y394344 15 13875 78
85 y394344 16 20949 156
85 y394344 17 44021 162
85 y394344 18 28386 109
85 y394344 19 34665 204
85 y394344 20 23170 154
85 y394344 21 40985 170
85 y394344 22 22638 215
85 y394344 23 64446 248
85 y394344 24 124848 671
85 y394344 25 130025 443
85 y394344 26 146718 596
85 y394344 27 87615 234
85 y394344 28 40992 357
85 y394344 29 30696 197
85 y394344 30 52910 177
85 y394344 31 59303 317
85 y394344 32 66720 253
85 y394344 33 136356 667
85 y394344 34 59738 212
85 y394344 35 27206 171
85 y394344 36 149292 379
85 y394344 37 20276 86
85 y394344 38 12996 88
85 y394344 39 52117 366
85 y394344 40 67840 277
85 y394344 41 182655 516
85 y394344 42 111888 428
85 y394344 43 119303 996
85 y394344 44 153252 522
85 y394344 45 61650 196
85 y394344 46 42389 297
85 y394344 47 54723 326
85 y394344 48 19744 102
85 y394344 49 30118 142
85 y394344 50 79633 234
85 y394344 51 40188 221
85 y394344 52 178516 983
85 y394344 53 286730 1506
85 y394344 54 82746 376
85 y394344 55 287320 640
85 y394344 56 106194 388
86 d504728 1 729 25
86 d504728 2 3152 14
86 d504728 3 5686 41
86 d504728 4 5958 53
86 d504728 5 7841 52
86 d504728 6 11820 104
86 d504728 7 24885 121
86 d504728 8 33664 105
86 d504728 9 7596 61
86 d504728 10 14020 76
86 d504728 11 12096 55
86 d504728 12 16492 89
86 d504728 13 53183 436
86 d504728 14 26152 118
86 d504728 15 34627 390
86 d504728 16 46240 333
86 d504728 17 23239 93
86 d504728 18 13743 76
86 d504728 19 59850 448
86 d504728 20 13740 107
86 d504728 21 83391 281
86 d504728 22 18722 97
86 d504728 23 62974 186
86 d504728 24 142344 889
86 d504728 25 60812 199
86 d504728 26 64116 273
86 d504728 27 46548 157
86 d504728 28 50890 186
86 d504728 29 92655 291
86 d504728 30 74610 584
86 d504728 31 56192 435
86 d504728 32 186784 603
86 d504728 33 36877 237
86 d504728 34 63648 311
86 d504728 35 198310 665
86 d504728 36 25596 154
86 d504728 37 31283 229
86 d504728 38 87362 410
86 d504728 39 88998 430
86 d504728 40 100020 533
86 d504728 41 68046 218
86 d504728 42 134778 1211
86 d504728 43 64958 228
86 d504728 44 129294 423
86 d504728 45 97335 912
86 d504728 46 69598 382
86 d504728 47 29296 140
86 d504728 48 116640 519
86 d504728 49 71801 335
86 d504728 50 67800 260
86 d504728 51 86725 498
86 d504728 52 90064 342
86 d504728 53 216452 580
86 d504728 54 284580 953
86 d504728 55 91923 366
86 d504728 56 180096 1306
87 z249298 1 1222 27
87 z249298 2 3984 34
87 z249298 3 4459 26
87 z249298 4 7972 36
87 z249298 5 2260 56
87 z249298 6 3850 19
87 z249298 7 20331 64
87 z249298 8 17360 164
87 z249298 9 8973 41
87 z249298 10 18445 127
87 z249298 11 8948 63
87 z249298 12 16204 108
87 z249298 13 6974 51
87 z249298 14 14368 71
87 z249298 15 77925 355
87 z249298 16 45816 165
87 z249298 17 10684 148
87 z249298 18 40059 155
87 z249298 19 50853 174
87 z249298 20 37380 161
87 z249298 21 37800 254
87 z249298 22 10032 67
87 z249298 23 27933 191
87 z249298 24 21952 220
87 z249298 25 20625 168
87 z249298 26 139516 482
87 z249298 27 34164 131
87 z249298 28 78036 704
87 z249298 29 24505 140
87 z249298 30 80100 558
87 z249298 31 125674 368
87 z249298 32 40416 359
87 z249298 33 176814 782
87 z249298 34 80529 273
87 z249298 35 33296 127
87 z249298 36 37530 178
87 z249298 37 174899 531
87 z249298 38 37658 185
87 z249298 39 69498 632
87 z249298 40 63000 178
87 z249298 41 76246 234
87 z249298 42 64344 198
87 z249298 43 55771 190
87 z249298 44 61974 425
87 z249298 45 36517 267
87 z249298 46 60766 360
87 z249298 47 86691 315
87 z249298 48 88416 499
87 z249298 49 49588 236
87 z249298 50 51050 295
87 z249298 51 97376 373
87 z249298 52 296504 1228
87 z249298 53 230974 917
87 z249298 54 119556 587
87 z249298 55 114785 736
87 z249298 56 236376 1001
88 k308856 1 780 10
88 k308856 2 2110 16
88 k308856 3 17958 81
88 k308856 4 5010 39
88 k308856 5 19345 87
88 k308856 6 6394 27
88 k308856 7 4032 44
88 k308856 8 8338 65
88 k308856 9 17583 76
88 k308856 10 53780 344
88 k308856 11 13695 95
88 k308856 12 13072 83
88 k308856 13 21807 68
88 k308856 14 62832 340
88 k308856 15 55275 166
88 k308856 16 16704 69
88 k308856 17 25806 96
88 k308856 18 48483 206
88 k308856 19 20007 106
88 k308856 20 18686 142
88 k308856 21 38682 132
88 k308856 22 28226 104
88 k308856 23 19366 105
88 k308856 24 23628 249
88 k308856 25 17662 106
88 k308856 26 38020 144
88 k308856 27 34803 162
88 k308856 28 72030 763
88 k308856 29 47995 366
88 k308856 30 103260 436
88 k308856 31 77019 742
88 k308856 32 168896 1620
88 k308856 33 33946 224
88 k308856 34 71468 656
88 k308856 35 92540 261
88 k308856 36 38790 149
88 k308856 37 32597 139
88 k308856 38 106628 281
88 k308856 39 41340 163
88 k308856 40 38960 262
88 k308856 41 26896 140
88 k308856 42 97419 455
88 k308856 43 190662 528
88 k308856 44 49302 253
88 k308856 45 19485 150
88 k308856 46 24587 128
88 k308856 47 173853 581
88 k308856 48 47160 240
88 k308856 49 138229 627
88 k308856 50 116825 545
88 k308856 51 116101 317
88 k308856 52 106158 318
88 k308856 53 27895 129
88 k308856 54 62694 257
88 k308856 55 134640 464
88 k308856 56 311864 962
89 p982288 1 887 16
89 p982288 2 8072 33
89 p982288 3 1828 28
89 p982288 4 16756 162
89 p982288 5 19730 105
89 p982288 6 12546 74
89 p982288 7 26012 186
89 p982288 8 3992 34
89 p982288 9 5085 35
89 p982288 10 25125 87
89 p982288 11 18612 106
89 p982288 12 19968 73
89 p982288 13 18193 97
89 p982288 14 16786 98
89 p982288 15 23115 83
89 p982288 16 31328 103
89 p982288 17 13418 117
89 p982288 18 27324 201
89 p982288 19 50711 163
89 p982288 20 16786 132
89 p982288 21 29410 99
89 p982288 22 26106 228
89 p982288 23 72611 262
89 p982288 24 41040 245
89 p982288 25 96225 308
89 p982288 26 49075 214
89 p982288 27 152442 485
89 p982288 28 52668 306
89 p982288 29 81243 306
89 p982288 30 50050 155
89 p982288 31 54322 197
89 p982288 32 22592 164
89 p982288 33 73012 214
89 p982288 34 77656 284
89 p982288 35 73955 192
89 p982288 36 48438 183
89 p982288 37 55475 294
89 p982288 38 212078 486
89 p982288 39 109278 478
89 p982288 40 63440 187
89 p982288 41 185853 588
89 p982288 42 75684 285
89 p982288 43 17744 108
89 p982288 44 51656 391
89 p982288 45 22410 184
89 p982288 46 130847 578
89 p982288 47 80840 258
89 p982288 48 23664 121
89 p982288 49 162239 442
89 p982288 50 30900 249
89 p982288 51 71400 304
89 p982288 52 51298 277
89 p982288 53 69642 233
89 p982288 54 101502 374
89 p982288 55 213290 964
89 p982288 56 183568 978
90 t644197 1 1200 8
90 t644197 2 2196 48
90 t644197 3 3493 36
90 t644197 4 3518 28
90 t644197 5 16945 76
90 t644197 6 25686 184
90 t644197 7 5457 28
90 t644197 8 8960 63
90 t644197 9 7347 47
90 t644197 10 4956 53
90 t644197 11 9218 124
90 t644197 12 11346 53
90 t644197 13 12467 60
90 t644197 14 25704 124
90 t644197 15 50070 158
90 t644197 16 73824 227
90 t644197 17 26848 210
90 t644197 18 88002 302
90 t644197 19 11846 85
90 t644197 20 31073 101
90 t644197 21 18578 135
90 t644197 22 72820 266
90 t644197 23 40196 254
90 t644197 24 25008 123
90 t644197 25 43691 365
90 t644197 26 70382 356
90 t644197 27 16456 213
90 t644197 28 57358 494
90 t644197 29 24331 118
90 t644197 30 43790 150
90 t644197 31 50902 254
90 t644197 32 29162 135
90 t644197 33 49038 286
90 t644197 34 110976 738
90 t644197 35 48195 277
90 t644197 36 28656 118
90 t644197 37 128649 811
90 t644197 38 204098 852
90 t644197 39 78819 245
90 t644197 40 78800 303
90 t644197 41 84624 276
90 t644197 42 120708 426
90 t644197 43 118572 424
90 t644197 44 233772 1603
90 t644197 45 108810 322
90 t644197 46 122061 364
90 t644197 47 124714 1239
90 t644197 48 107136 362
90 t644197 49 30935 202
90 t644197 50 274500 821
90 t644197 51 118141 557
90 t644197 52 142246 1308
90 t644197 53 158947 1576
90 t644197 54 254610 2398
90 t644197 55 26106 251
90 t644197 56 239512 595
91 g793564 1 1222 12
91 g793564 2 10244 110
91 g793564 3 8040 35
91 g793564 4 10952 68
91 g793564 5 3406 38
91 g793564 6 13932 79
91 g793564 7 6286 39
91 g793564 8 8040 53
91 g793564 9 11949 90
91 g793564 10 35550 338
91 g793564 11 12862 134
91 g793564 12 18258 177
91 g793564 13 11123 128
91 g793564 14 69174 192
91 g793564 15 24975 118
91 g793564 16 24917 116
91 g793564 17 11747 78
91 g793564 18 12120 77
91 g793564 19 46512 255
91 g793564 20 19520 165
91 g793564 21 17829 134
91 g793564 22 64306 196
91 g793564 23 38847 120
91 g793564 24 55404 203
91 g793564 25 119200 304
91 g793564 26 19933 110
91 g793564 27 40797 224
91 g793564 28 16538 96
91 g793564 29 12228 85
91 g793564 30 55770 296
91 g793564 31 84196 807
91 g793564 32 92064 265
91 g793564 33 134112 535
91 g793564 34 82756 272
91 g793564 35 101622 499
91 g793564 36 18900 202
91 g793564 37 42513 137
91 g793564 38 45543 422
91 g793564 39 193167 735
91 g793564 40 128120 334
91 g793564 41 127879 648
91 g793564 42 127638 389
91 g793564 43 114874 464
91 g793564 44 76912 217
91 g793564 45 232065 799
91 g793564 46 61180 395
91 g793564 47 75779 322
91 g793564 48 80952 564
91 g793564 49 33859 152
91 g793564 50 72766 277
91 g793564 51 62543 345
91 g793564 52 23105 248
91 g793564 53 106106 490
91 g793564 54 59796 238
91 g793564 55 118195 388
91 g793564 56 63373 248
92 b520578 1 981 41
92 b520578 2 1240 41
92 b520578 3 8320 50
92 b520578 4 21004 69
92 b520578 5 4875 40
92 b520578 6 7522 93
92 b520578 7 7578 59
92 b520578 8 20128 203
92 b520578 9 10660 77
92 b520578 10 17763 119
92 b520578 11 13423 93
92 b520578 12 11778 86
92 b520578 13 20007 64
92 b520578 14 79716 302
92 b520578 15 9090 82
92 b520578 16 66448 707
92 b520578 17 5893 55
92 b520578 18 13752 81
92 b520578 19 52981 157
92 b520578 20 20660 93
92 b520578 21 22323 81
92 b520578 22 126302 370
92 b520578 23 31195 178
92 b520578 24 44656 137
92 b520578 25 49116 174
92 b520578 26 15041 81
92 b520578 27 81837 257
92 b520578 28 70910 242
92 b520578 29 68585 187
92 b520578 30 93060 431
92 b520578 31 78895 424
92 b520578 32 73472 307
92 b520578 33 61677 287
92 b520578 34 56593 299
92 b520578 35 50423 230
92 b520578 36 76824 221
92 b520578 37 84952 718
92 b520578 38 74328 228
92 b520578 39 25194 157
92 b520578 40 28973 188
92 b520578 41 75153 567
92 b520578 42 83496 320
92 b520578 43 45795 258
92 b520578 44 17145 119
92 b520578 45 261045 1288
92 b520578 46 219788 529
92 b520578 47 109134 388
92 b520578 48 58592 255
92 b520578 49 107408 926
92 b520578 50 19433 119
92 b520578 51 25534 190
92 b520578 52 215540 741
92 b520578 53 197001 1623
92 b520578 54 52488 215
92 b520578 55 39416 184
92 b520578 56 109554 301
93 z545548 1 647 26
93 z545548 2 3448 25
93 z545548 3 2260 26
93 z545548 4 10860 60
93 z545548 5 24500 197
93 z545548 6 13950 89
93 z545548 7 34741 242
93 z545548 8 43248 436
93 z545548 9 8037 63
93 z545548 10 36570 174
93 z545548 11 40722 140
93 z545548 12 35484 95
93 z545548 13 50297 186
93 z545548 14 13388 74
93 z545548 15 39120 171
93 z545548 16 54144 358
93 z545548 17 72182 302
93 z545548 18 20460 96
93 z545548 19 52829 180
93 z545548 20 25240 119
93 z545548 21 37810 216
93 z545548 22 15678 91
93 z545548 23 14091 101
93 z545548 24 54048 213
93 z545548 25 23183 114
93 z545548 26 14742 64
93 z545548 27 59508 159
93 z545548 28 9660 85
93 z545548 29 143898 407
93 z545548 30 31680 286
93 z545548 31 39463 375
93 z545548 32 186560 449
93 z545548 33 84645 551
93 z545548 34 44642 165
93 z545548 35 180110 796
93 z545548 36 46284 358
93 z545548 37 44807 196
93 z545548 38 51642 306
93 z545548 39 215046 729
93 z545548 40 55760 330
93 z545548 41 77367 447
93 z545548 42 78904 401
93 z545548 43 68556 247
93 z545548 44 145596 878
93 z545548 45 117495 511
93 z545548 46 151340 604
93 z545548 47 139026 504
93 z545548 48 153072 603
93 z545548 49 80147 544
93 z545548 50 87050 911
93 z545548 51 86292 421
93 z545548 52 32682 266
93 z545548 53 37630 136
93 z545548 54 63693 568
93 z545548 55 203885 1143
93 z545548 56 51800 177
94 d964361 1 1398 40
94 d964361 2 9736 45
94 d964361 3 4762 21
94 d964361 4 5050 50
94 d964361 5 8807 30
94 d964361 6 6748 39
94 d964361 7 13885 88
94 d964361 8 15528 61
94 d964361 9 13446 89
94 d964361 10 8043 33
94 d964361 11 55418 151
94 d964361 12 13296 60
94 d964361 13 26156 116
94 d964361 14 64302 389
94 d964361 15 16972 109
94 d964361 16 26949 134
94 d964361 17 17127 65
94 d964361 18 32346 171
94 d964361 19 43168 133
94 d964361 20 25150 102
94 d964361 21 34818 152
94 d964361 22 114818 1166
94 d964361 23 35006 152
94 d964361 24 83448 514
94 d964361 25 140450 972
94 d964361 26 39780 146
94 d964361 27 29106 177
94 d964361 28 49196 265
94 d964361 29 81374 363
94 d964361 30 29460 134
94 d964361 31 94860 862
94 d964361 32 19637 115
94 d964361 33 46678 232
94 d964361 34 55590 210
94 d964361 35 70752 472
94 d964361 36 45276 166
94 d964361 37 215932 598
94 d964361 38 50369 159
94 d964361 39 54353 304
94 d964361 40 66800 305
94 d964361 41 108158 290
94 d964361 42 71337 230
94 d964361 43 37653 202
94 d964361 44 62861 453
94 d964361 45 47970 258
94 d964361 46 111688 795
94 d964361 47 82281 245
94 d964361 48 34368 132
94 d964361 49 77126 303
94 d964361 50 174150 1616
94 d964361 51 17187 106
94 d964361 52 108446 370
94 d964361 53 63564 263
94 d964361 54 173556 473
94 d964361 55 62095 222
94 d964361 56 51930 214
95 h177287 1 941 38
95 h177287 2 4971 46
95 h177287 3 4923 38
95 h177287 4 11038 59
95 h177287 5 8443 38
95 h177287 6 9058 87
95 h177287 7 18739 58
95 h177287 8 9804 72
95 h177287 9 11142 49
95 h177287 10 8200 73
95 h177287 11 25976 138
95 h177287 12 62712 250
95 h177287 13 18850 104
95 h177287 14 25568 167
95 h177287 15 18435 71
95 h177287 16 90928 487
95 h177287 17 23018 132
95 h177287 18 9660 56
95 h177287 19 106856 881
95 h177287 20 39440 172
95 h177287 21 106470 381
95 h177287 22 37400 133
95 h177287 23 20086 101
95 h177287 24 34760 203
95 h177287 25 17041 102
95 h177287 26 28886 236
95 h177287 27 30537 311
95 h177287 28 15568 139
95 h177287 29 171100 541
95 h177287 30 81930 423
95 h177287 31 22878 181
95 h177287 32 63040 189
95 h177287 33 124047 484
95 h177287 34 187986 1132
95 h177287 35 18375 88
95 h177287 36 33012 268
95 h177287 37 70466 243
95 h177287 38 221540 705
95 h177287 39 96681 534
95 h177287 40 230600 887
95 h177287 41 208854 1485
95 h177287 42 50274 161
95 h177287 43 143749 841
95 h177287 44 76149 462
95 h177287 45 16260 145
95 h177287 46 38486 234
95 h177287 47 230817 664
95 h177287 48 185136 668
95 h177287 49 237993 2014
95 h177287 50 144450 550
95 h177287 51 75378 601
95 h177287 52 24110 146
95 h177287 53 83104 337
95 h177287 54 92610 321
95 h177287 55 95920 276
95 h177287 56 162260 440
96 j757010 1 1293 23
96 j757010 2 3942 43
96 j757010 3 4338 57
96 j757010 4 15908 80
96 j757010 5 18480 72
96 j757010 6 16320 74
96 j757010 7 9268 40
96 j757010 8 11600 77
96 j757010 9 13275 133
96 j757010 10 17800 89
96 j757010 11 33066 339
96 j757010 12 8520 50
96 j757010 13 21047 129
96 j757010 14 64064 209
96 j757010 15 7860 114
96 j757010 16 28192 202
96 j757010 17 30209 168
96 j757010 18 34866 195
96 j757010 19 12939 80
96 j757010 20 119300 603
96 j757010 21 26964 140
96 j757010 22 35464 167
96 j757010 23 43539 162
96 j757010 24 41772 173
96 j757010 25 91225 242
96 j757010 26 9819 88
96 j757010 27 136242 353
96 j757010 28 35914 176
96 j757010 29 52475 317
96 j757010 30 47910 372
96 j757010 31 68014 177
96 j757010 32 54928 182
96 j757010 33 52783 212
96 j757010 34 95438 689
96 j757010 35 148365 743
96 j757010 36 69360 740
96 j757010 37 30722 110
96 j757010 38 26840 116
96 j757010 39 212394 1387
96 j757010 40 212880 609
96 j757010 41 100860 295
96 j757010 42 181020 921
96 j757010 43 43501 195
96 j757010 44 81290 251
96 j757010 45 57720 397
96 j757010 46 78460 666
96 j757010 47 112142 485
96 j757010 48 54000 195
96 j757010 49 84802 350
96 j757010 50 58400 179
96 j757010 51 95497 275
96 j757010 52 34042 327
96 j757010 53 115752 423
96 j757010 54 53766 273
96 j757010 55 330000 1924
96 j757010 56 133980 374
97 l209448 1 1264 20
97 l209448 2 1084 25
97 l209448 3 3310 33
97 l209448 4 6656 39
97 l209448 5 28700 89
97 l209448 6 5772 61
97 l209448 7 9114 62
97 l209448 8 6677 83
97 l209448 9 4074 22
97 l209448 10 22075 98
97 l209448 11 21571 96
97 l209448 12 20598 84
97 l209448 13 33800 115
97 l209448 14 36897 105
97 l209448 15 22290 118
97 l209448 16 44592 368
97 l209448 17 35088 134
97 l209448 18 27702 297
97 l209448 19 56069 242
97 l209448 20 29020 165
97 l209448 21 108339 808
97 l209448 22 97218 238
97 l209448 23 55039 530
97 l209448 24 37056 174
97 l209448 25 10291 85
97 l209448 26 10564 67
97 l209448 27 39150 171
97 l209448 28 48356 386
97 l209448 29 34442 122
97 l209448 30 39820 224
97 l209448 31 40238 155
97 l209448 32 140768 441
97 l209448 33 37752 166
97 l209448 34 49220 237
97 l209448 35 96740 254
97 l209448 36 93006 508
97 l209448 37 103008 463
97 l209448 38 123272 360
97 l209448 39 163098 744
97 l209448 40 60820 498
97 l209448 41 54714 182
97 l209448 42 50176 177
97 l209448 43 147232 866
97 l209448 44 67320 234
97 l209448 45 192960 1229
97 l209448 46 106674 512
97 l209448 47 244682 1554
97 l209448 48 84720 239
97 l209448 49 81364 328
97 l209448 50 138375 412
97 l209448 51 299472 1888
97 l209448 52 119002 728
97 l209448 53 136501 455
97 l209448 54 71928 449
97 l209448 55 260865 1235
97 l209448 56 72594 230
98 c826823 1 857 15
98 c826823 2 4140 31
98 c826823 3 9570 98
98 c826823 4 2236 35
98 c826823 5 4913 43
98 c826823 6 4908 67
98 c826823 7 16523 52
98 c826823 8 6296 36
98 c826823 9 36963 149
98 c826823 10 29280 117
98 c826823 11 11300 51
98 c826823 12 14052 59
98 c826823 13 36218 177
98 c826823 14 46578 205
98 c826823 15 28657 123
98 c826823 16 63840 401
98 c826823 17 26446 110
98 c826823 18 26172 122
98 c826823 19 71782 175
98 c826823 20 52150 146
98 c826823 21 42399 357
98 c826823 22 18318 93
98 c826823 23 36079 192
98 c826823 24 45360 162
98 c826823 25 45487 323
98 c826823 26 21411 123
98 c826823 27 72886 193
98 c826823 28 65324 311
98 c826823 29 73181 441
98 c826823 30 90390 254
98 c826823 31 159991 504
98 c826823 32 36288 112
98 c826823 33 178827 400
98 c826823 34 83402 385
98 c826823 35 92085 465
98 c826823 36 60948 347
98 c826823 37 122359 335
98 c826823 38 87571 562
98 c826823 39 99586 721
98 c826823 40 32746 152
98 c826823 41 64889 309
98 c826823 42 82880 254
98 c826823 43 62350 312
98 c826823 44 206800 675
98 c826823 45 268695 766
98 c826823 46 95266 293
98 c826823 47 139731 551
98 c826823 48 61184 319
98 c826823 49 118261 343
98 c826823 50 45716 200
98 c826823 51 96220 882
98 c826823 52 168168 923
98 c826823 53 47461 207
98 c826823 54 57564 220
98 c826823 55 109761 920
98 c826823 56 83720 380
99 c266580 1 919 17
99 c266580 2 2558 34
99 c266580 3 2597 49
99 c266580 4 15896 80
99 c266580 5 15675 52
99 c266580 6 7878 41
99 c266580 7 16530 97
99 c266580 8 18296 135
99 c266580 9 4527 38
99 c266580 10 44430 219
99 c266580 11 6486 44
99 c266580 12 45876 143
99 c266580 13 18412 196
99 c266580 14 26593 154
99 c266580 15 37575 132
99 c266580 16 12176 79
99 c266580 17 18518 74
99 c266580 18 19953 105
99 c266580 19 17974 108
99 c266580 20 45510 198
99 c266580 21 20695 151
99 c266580 22 11627 76
99 c266580 23 54740 318
99 c266580 24 36552 154
99 c266580 25 40708 413
99 c266580 26 27651 137
99 c266580 27 27918 118
99 c266580 28 63728 205
99 c266580 29 159181 706
99 c266580 30 52545 159
99 c266580 31 134850 352
99 c266580 32 58304 218
99 c266580 33 88737 268
99 c266580 34 46364 177
99 c266580 35 64096 579
99 c266580 36 64524 233
99 c266580 37 96829 435
99 c266580 38 40229 161
99 c266580 39 16497 157
99 c266580 40 78920 262
99 c266580 41 39954 260
99 c266580 42 240030 798
99 c266580 43 133773 676
99 c266580 44 26136 148
99 c266580 45 71535 208
99 c266580 46 118266 882
99 c266580 47 118487 1114
99 c266580 48 202032 564
99 c266580 49 265727 778
99 c266580 50 121250 476
99 c266580 51 65484 220
99 c266580 52 81397 345
99 c266580 53 105894 341
99 c266580 54 86400 267
99 c266580 55 180950 1517
99 c266580 56 187544 456
100 u925022 1 956 31
100 u925022 2 1049 34
100 u925022 3 4924 38
100 u925022 4 5194 33
100 u925022 5 3470 45
100 u925022 6 5212 37
100 u925022 7 18602 91
100 u925022 8 13221 56
100 u925022 9 27036 172
100 u925022 10 6003 59
100 u925022 11 59752 157
100 u925022 12 28506 83
100 u925022 13 11028 75
100 u925022 14 58184 425
100 u925022 15 24525 83
100 u925022 16 25760 115
100 u925022 17 28849 155
100 u925022 18 17616 110
100 u925022 19 56838 172
100 u925022 20 14800 85
100 u925022 21 22302 162
100 u925022 22 43648 125
100 u925022 23 37306 198
100 u925022 24 9976 73
100 u925022 25 39787 392
100 u925022 26 104910 721
100 u925022 27 13972 112
100 u925022 28 17388 143
100 u925022 29 38512 339
100 u925022 30 42650 195
100 u925022 31 145297 515
100 u925022 32 83104 281
100 u925022 33 78160 347
100 u925022 34 167926 396
100 u925022 35 20381 130
100 u925022 36 130212 603
100 u925022 37 129944 446
100 u925022 38 215574 505
100 u925022 39 37310 200
100 u925022 40 67980 317
100 u925022 41 68921 400
100 u925022 42 76629 389
100 u925022 43 72856 297
100 u925022 44 101728 326
100 u925022 45 60495 212
100 u925022 46 152628 460
100 u925022 47 21964 139
100 u925022 48 207360 555
100 u925022 49 234906 1045
100 u925022 50 86033 317
100 u925022 51 73797 378
100 u925022 52 49478 305
100 u925022 53 44785 210
100 u925022 54 71685 344
100 u925022 55 32175 190
100 u925022 56 52061 216
